Player,sport,position,start_year,start_age,years_played
A.J. Greer\greeraj01,Hockey,Left Wing,2017,20,1
Aaron Ekblad\ekblaaa01,Hockey,Defense,2015,18,3
Aaron Gagnon\gagnoaa01,Hockey,Center,2010,23,4
Aaron MacKenzie\mackeaa01,Hockey,Defense,2009,27,1
Andreas Karlsson\karlsan01,Hockey,Center,2007,31,2
Aaron Ness\nessaa01,Hockey,Defense,2012,21,6
Aaron Palushaj\palusaa01,Hockey,Right Wing,2011,21,4
Aaron Rome\romeaa01,Hockey,Defense,2007,23,8
Aaron Volpatti\volpaaa01,Hockey,Left Wing,2011,25,5
Aaron Voros\vorosaa01,Hockey,Left Wing,2008,26,4
Adam Almqvist\almqvad01,Hockey,Defense,2014,22,1
Adam Berti\bertiad01,Hockey,Left Wing,2008,21,1
Adam Burish\burisad01,Hockey,Center,2007,24,9
Adam Clendening\clendad01,Hockey,Defense,2015,22,3
Adam Cracknell\crackad01,Hockey,Right Wing,2011,25,7
Adam Erne\ernead01,Hockey,Left Wing,2017,21,1
Adam Henrique\henriad01,Hockey,Center,2011,20,7
Adam Larsson\larssad01,Hockey,Defense,2012,19,6
Adam Lowry\lowryad01,Hockey,Center,2015,21,3
Adam McQuaid\mcquaad01,Hockey,Defense,2010,23,8
Adam Pardy\pardyad01,Hockey,Defense,2009,24,9
Adam Payerl\payerad01,Hockey,Center,2014,22,1
Adam Pelech\pelecad01,Hockey,Defense,2016,21,2
Adam Pineault\pineaad01,Hockey,Right Wing,2008,21,1
Bates Battaglia\battaba01,Hockey,Left Wing,2007,31,2
Adrian Kempe\kempead01,Hockey,Left Wing,2017,20,1
Akim Aliu\aliuak01,Hockey,Right Wing,2012,22,2
Alan Quine\quineal01,Hockey,Center,2016,22,2
Alec Martinez\martial01,Hockey,Defense,2010,22,8
Aleksander Barkov\barkoal01,Hockey,Center,2014,18,4
Alex Biega\biegaal01,Hockey,Defense,2015,26,3
Alex Brooks\brookal01,Hockey,Defense,2007,30,1
Alex Chiasson\chiasal01,Hockey,Right Wing,2013,22,5
Alex Foster\fosteal01,Hockey,Center,2008,23,1
Alex Friesen\friesal01,Hockey,Center,2016,25,1
Alex Galchenyuk\galchal01,Hockey,Center,2013,18,5
Alex Goligoski\goligal01,Hockey,Defense,2008,22,10
Alex Grant\grantal01,Hockey,Defense,2014,25,3
Alex Killorn\killoal01,Hockey,Center,2013,23,5
Alex Petrovic\petroal01,Hockey,Defense,2013,20,5
Alex Pietrangelo\pietral01,Hockey,Defense,2009,19,9
Alex Plante\plantal01,Hockey,Defense,2010,20,3
Alex Tuch\tuchal01,Hockey,Right Wing,2017,20,1
Alexander Burmistrov\burmial01,Hockey,Center,2011,19,7
Alexander Edler\edleral01,Hockey,Defense,2007,20,11
Alexander Khokhlachev\khokhal01,Hockey,Center,2014,20,3
Alexander Nikulin\nikulal01,Hockey,Center,2008,22,2
Alexander Nylander\nylanal01,Hockey,Right Wing,2017,18,1
Alexander Radulov\radulal01,Hockey,Right Wing,2007,20,11
Alexander Semin\seminal01,Hockey,Left Wing,2007,22,10
Alexander Sulzer\sulzeal01,Hockey,Defense,2009,24,6
Alexander Svitov\svitoal01,Hockey,Center,2007,24,1
Alexander Urbom\urbomal01,Hockey,Defense,2011,20,4
Alexander Vasyunov\vasyual01,Hockey,Left Wing,2011,22,1
Alexander Wennberg\wennbal01,Hockey,Center,2015,20,3
Alexandre Bolduc\boldual01,Hockey,Center,2009,23,7
Alexandre Carrier\carrial01,Hockey,Defense,2017,20,1
Alexandre Grenier\grenial01,Hockey,Right Wing,2016,24,2
Alexei Emelin\emelial01,Hockey,Defense,2012,25,6
Alexei Kaigorodov\kaigoal01,Hockey,Center,2007,23,1
Alexei Mikhnov\mikhnal01,Hockey,Left Wing,2007,24,1
Alexey Marchenko\marchal01,Hockey,Defense,2014,22,4
Anders Lee\leean01,Hockey,Center,2013,22,5
Andre Benoit\benoian01,Hockey,Defense,2011,27,6
Andre Burakovsky\burakan01,Hockey,Left Wing,2015,19,3
Andre Deveaux\deveaan01,Hockey,Center,2009,24,4
Andre Petersson\peteran02,Hockey,Right Wing,2012,21,1
Andreas Athanasiou\athanan01,Hockey,Center,2016,21,2
Andreas Englund\engluan01,Hockey,Defense,2017,21,1
Andreas Engqvist\engqvan01,Hockey,Center,2011,23,2
Andreas Martinsen\martian01,Hockey,Left Wing,2016,25,2
Andreas Nodl\nodlan01,Hockey,Right Wing,2009,21,5
Andreas Thuresson\thurean01,Hockey,Right Wing,2010,22,2
Andrei Loktionov\loktian01,Hockey,Center,2010,19,5
Andrei Zubarev\zubaran01,Hockey,Defense,2011,23,1
Andrej Nestrasil\nestran01,Hockey,Center,2015,23,3
Andrej Sekera\sekeran01,Hockey,Defense,2007,20,11
Andrej Sustr\sustran01,Hockey,Defense,2013,22,5
Andrew Agozzino\agozzan01,Hockey,Left Wing,2015,24,2
Andrew Bodnarchuk\bodnaan01,Hockey,Defense,2010,21,7
Eric Perrin\perrier01,Hockey,Center,2007,31,3
Andrew Campbell\campban01,Hockey,Defense,2014,25,3
Andrew Cogliano\coglian01,Hockey,Center,2008,20,10
Andrew Copp\coppan01,Hockey,Center,2015,20,3
Andrew Desjardins\desjaan01,Hockey,Center,2011,24,7
Andrew Ebbett\ebbetan01,Hockey,Center,2008,25,8
Andrew Gordon\gordoan01,Hockey,Right Wing,2009,23,5
Andrew Joudrey\joudran01,Hockey,Center,2012,27,1
Andrew MacDonald\macdoan01,Hockey,Defense,2009,22,9
Andrew MacWilliam\macwian01,Hockey,Defense,2015,24,1
Andrew Miller\millean01,Hockey,Center,2015,26,2
Andrew Murray\murraan01,Hockey,Center,2008,26,6
Andrew Poturalski\poturan01,Hockey,Center,2017,23,1
Andrew Shaw\shawan01,Hockey,Center,2012,20,6
Andrey Pedan\pedanan01,Hockey,Defense,2016,22,1
Andy Andreoff\andrean01,Hockey,Center,2015,23,3
Andy Greene\greenan01,Hockey,Defense,2007,24,11
Andy Miele\mielean01,Hockey,Center,2012,23,3
Anssi Salmela\salmean01,Hockey,Defense,2009,24,3
Anthony Beauvillier\beauvan01,Hockey,Left Wing,2017,19,1
Anthony Bitetto\bitetan01,Hockey,Defense,2015,24,3
Anthony DeAngelo\deangan01,Hockey,Defense,2017,21,1
Anthony Duclair\duclaan01,Hockey,Left Wing,2015,19,3
Anthony Mantha\manthan01,Hockey,Right Wing,2016,21,2
Anthony Peluso\pelusan01,Hockey,Right Wing,2013,23,4
Antoine Roussel\roussan01,Hockey,Center,2013,23,5
Anton Belov\belovan01,Hockey,Defense,2014,27,1
Anton Blidh\blidhan01,Hockey,Left Wing,2017,21,1
Anton Klementyev\klemean01,Hockey,Defense,2010,19,1
Anton Lander\landean01,Hockey,Center,2012,20,6
Anton Lindholm\lindhan01,Hockey,Defense,2017,22,1
Anton Rodin\rodinan01,Hockey,Right Wing,2017,26,1
Anton Slepyshev\slepyan01,Hockey,Left Wing,2016,21,2
Anton Stralman\stralan01,Hockey,Defense,2008,21,10
Jan Hlavac\hlavaja01,Hockey,Left Wing,2008,31,1
Antti Pihlstrom\pihlsan01,Hockey,Left Wing,2008,23,2
Anze Kopitar\kopitan01,Hockey,Center,2007,19,11
Artem Anisimov\anisiar01,Hockey,Center,2009,20,9
Artemi Panarin\panarar01,Hockey,Left Wing,2016,24,2
Artturi Lehkonen\lehkoar01,Hockey,Left Wing,2017,21,1
Arturs Kulda\kuldaar01,Hockey,Defense,2010,21,3
Austin Czarnik\czarnau01,Hockey,Center,2017,24,1
Austin Watson\watsoau01,Hockey,Left Wing,2013,21,5
Auston Matthews\matthau01,Hockey,Center,2017,19,1
B.J. Crombeen\crombbj01,Hockey,Right Wing,2008,22,8
Barclay Goodrow\goodrba01,Hockey,Right Wing,2015,21,3
Jaroslav Hlinka\hlinkja01,Hockey,Left Wing,2008,31,1
Beau Bennett\bennebe01,Hockey,Right Wing,2013,21,5
Ben Chiarot\chiarbe01,Hockey,Defense,2014,22,4
Ben Hanowski\hanowbe01,Hockey,Left Wing,2013,22,2
Ben Harpur\harpube01,Hockey,Defense,2016,21,2
Ben Holmstrom\holmsbe01,Hockey,Center,2011,23,2
Ben Hutton\huttobe01,Hockey,Defense,2016,22,2
Ben Lovejoy\lovejbe01,Hockey,Defense,2009,24,9
Ben Maxwell\maxwebe01,Hockey,Center,2009,20,4
Ben Smith\smithbe01,Hockey,Right Wing,2011,22,7
Ben Street\streebe01,Hockey,Center,2013,25,5
Ben Thomson\thomsbe01,Hockey,Left Wing,2017,24,1
Benn Ferriero\ferribe01,Hockey,Center,2010,22,5
Benoit Pouliot\poulibe01,Hockey,Left Wing,2007,20,11
Bill Arnold\arnolbi01,Hockey,Center,2014,21,1
Bill Sweatt\sweatbi01,Hockey,Left Wing,2012,23,2
Bjorn Melin\melinbj01,Hockey,Right Wing,2007,25,1
Blair Jones\jonesbl01,Hockey,Center,2007,20,9
Blake Coleman\colembl01,Hockey,Center,2017,25,1
Blake Comeau\comeabl01,Hockey,Left Wing,2007,20,11
Blake Geoffrion\geoffbl01,Hockey,Left Wing,2011,22,2
Blake Pietila\pietibl01,Hockey,Left Wing,2016,22,2
Blake Speers\speerbl01,Hockey,Center,2017,20,1
Blake Wheeler\wheelbl01,Hockey,Right Wing,2009,22,9
Bo Horvat\horvabo01,Hockey,Center,2015,19,3
Bobby Allen\allenbo01,Hockey,Defense,2007,28,2
Bobby Butler\butlebo01,Hockey,Left Wing,2010,22,5
Bobby Farnham\farnhbo01,Hockey,Right Wing,2015,26,3
Bobby Ryan\ryanbo01,Hockey,Right Wing,2008,20,10
Bobby Sanguinetti\sangubo01,Hockey,Defense,2010,21,4
Bogdan Yakimov\yakimbo01,Hockey,Center,2015,20,1
Boone Jenner\jennebo01,Hockey,Center,2014,20,4
Boris Valabik\valabbo01,Hockey,Defense,2008,21,3
Borna Rendulic\rendubo01,Hockey,Right Wing,2015,22,3
Bracken Kearns\kearnbr01,Hockey,Center,2012,30,6
Brad Ference\ferenbr01,Hockey,Defense,2007,27,1
Brad Hunt\huntbr01,Hockey,Defense,2014,25,4
Brad Malone\malonbr01,Hockey,Center,2012,22,5
Brad Marchand\marchbr03,Hockey,Center,2010,21,8
Jason Krog\krogja01,Hockey,Center,2007,31,3
Brad Mills\millsbr01,Hockey,Center,2011,27,4
Brad Moran\moranbr01,Hockey,Center,2007,27,1
Brad Staubitz\staubbr01,Hockey,Right Wing,2009,24,5
Brady Austin\austibr01,Hockey,Defense,2017,23,1
Brady Murray\murrabr01,Hockey,Left Wing,2008,23,1
Brady Skjei\skjeibr01,Hockey,Defense,2016,21,2
Brandon Bollig\bollibr01,Hockey,Left Wing,2012,25,5
Brandon Carlo\carlobr01,Hockey,Defense,2017,20,1
Brandon Davidson\davidbr01,Hockey,Defense,2015,23,3
Brandon DeFazio\defazbr01,Hockey,Left Wing,2015,26,1
Brandon Dubinsky\dubinbr01,Hockey,Center,2007,20,11
Brandon Gormley\gormlbr01,Hockey,Defense,2014,21,3
Brandon Kozun\kozunbr01,Hockey,Right Wing,2015,24,1
Brandon Manning\mannibr01,Hockey,Defense,2012,21,6
Brandon Mashinter\mashibr01,Hockey,Left Wing,2011,22,6
Brandon McMillan\mcmilbr01,Hockey,Center,2011,20,5
Brandon Montour\montobr01,Hockey,Defense,2017,22,1
Brandon Nolan\nolanbr01,Hockey,Center,2008,24,1
Brandon Pirri\pirribr01,Hockey,Center,2011,19,7
Brandon Prust\prustbr01,Hockey,Center,2007,22,10
Brandon Reid\reidbr01,Hockey,Center,2007,25,1
Brandon Saad\saadbr01,Hockey,Left Wing,2012,19,6
Brandon Segal\segalbr01,Hockey,Right Wing,2009,25,5
Brandon Sutter\suttebr03,Hockey,Center,2009,19,9
Brandon Tanev\tanevbr01,Hockey,Left Wing,2016,24,2
Brandon Yip\yipbr01,Hockey,Right Wing,2010,24,5
Brayden IRight Wingin\iRight Winginbr01,Hockey,Center,2010,22,1
Brayden McNabb\mcnabbr01,Hockey,Defense,2012,21,6
Brayden Point\pointbr01,Hockey,Center,2017,20,1
Brayden Schenn\schenbr01,Hockey,Center,2010,18,8
Brendan Gallagher\gallabr01,Hockey,Right Wing,2013,20,5
Brendan Gaunce\gauncbr01,Hockey,Center,2016,21,2
Brendan Guhle\guhlebr01,Hockey,Defense,2017,19,1
Brendan Leipsic\leipsbr01,Hockey,Left Wing,2016,21,1
Brendan Mikkelson\mikkebr01,Hockey,Defense,2009,21,5
Brendan Perlini\perlibr01,Hockey,Left Wing,2017,20,1
Brendan Ranford\ranfobr01,Hockey,Left Wing,2015,22,1
Brendan Shinnimin\shinnbr01,Hockey,Center,2015,24,1
Brendan Smith\smithbr05,Hockey,Defense,2012,22,6
Brendan Woods\woodsbr01,Hockey,Left Wing,2015,22,2
Brenden Dillon\dillobr01,Hockey,Defense,2012,21,6
Brendon Nash\nashbr01,Hockey,Defense,2011,23,1
Brent Regner\regnebr01,Hockey,Defense,2016,26,1
Brett Bellemore\bellebr01,Hockey,Defense,2013,24,3
Brett Bulmer\bulmebr01,Hockey,Right Wing,2012,19,5
Brett Carson\carsobr01,Hockey,Defense,2009,23,5
Brett Connolly\connobr01,Hockey,Right Wing,2012,19,6
Brett Festerling\festebr01,Hockey,Defense,2009,22,4
Brett Gallant\gallabr02,Hockey,Left Wing,2014,25,1
Brett Kulak\kulakbr01,Hockey,Defense,2015,21,3
Brett Lernout\lernobr01,Hockey,Defense,2016,20,2
Brett Maclean\maclebr02,Hockey,Left Wing,2011,22,2
Brett Pesce\pescebr01,Hockey,Defense,2016,21,2
Brett Ritchie\ritchbr01,Hockey,Right Wing,2015,21,3
Brett Skinner\skinnbr01,Hockey,Defense,2009,25,1
Brett Sterling\sterlbr01,Hockey,Left Wing,2008,23,5
Brett Sutter\suttebr04,Hockey,Center,2009,21,7
Brian Boyle\boylebr01,Hockey,Center,2008,23,10
Brian Dumoulin\dumoubr01,Hockey,Defense,2014,22,4
Brian Fahey\faheybr01,Hockey,Defense,2011,29,1
Brian Ferlin\ferlibr01,Hockey,Right Wing,2015,22,1
Brian Flynn\flynnbr01,Hockey,Center,2013,24,5
Brian Gibbons\gibbobr02,Hockey,Center,2014,25,2
Brian Lashoff\lashobr01,Hockey,Defense,2013,22,5
Brian Lee\leebr01,Hockey,Defense,2008,20,6
Brian O'Neill\oneilbr01,Hockey,Center,2016,27,1
Brian Salcido\salcibr01,Hockey,Defense,2009,23,1
Brian Strait\straibr01,Hockey,Defense,2011,23,7
Brock Boeser\boesebr01,Hockey,Right Wing,2017,19,1
Brock McGinn\mcginbr01,Hockey,Left Wing,2016,21,2
Brock Nelson\nelsobr01,Hockey,Center,2014,22,4
Brock Trotter\trottbr02,Hockey,Center,2010,22,1
Brodie Dupont\duponbr01,Hockey,Center,2011,23,1
Brody Sutter\suttebr05,Hockey,Center,2015,23,2
Bryan Bickell\bickebr01,Hockey,Left Wing,2007,20,11
Bryan Lerg\lergbr01,Hockey,Center,2015,29,2
Bryan Little\littlbr01,Hockey,Center,2008,20,10
Bryan Rodney\rodnebr01,Hockey,Defense,2009,24,4
Bryan Rust\rustbr01,Hockey,Right Wing,2015,22,3
Bryan Young\youngbr02,Hockey,Defense,2007,20,2
Bryce Van Brabant\vanbrbr01,Hockey,Left Wing,2014,22,1
Bud Holloway\hollobu01,Hockey,Center,2016,27,1
Buddy Robinson\robinbu01,Hockey,Right Wing,2016,24,2
Byron Bitz\bitzby01,Hockey,Right Wing,2009,24,4
Byron Froese\froesby01,Hockey,Center,2016,24,2
C.J. Smith\smithcj01,Hockey,Left Wing,2017,22,1
Cade Fairchild\faircca01,Hockey,Defense,2012,23,1
Cal Clutterbuck\cluttca01,Hockey,Right Wing,2008,20,10
Cal O'Reilly\oreilca01,Hockey,Center,2009,22,9
Calle Jarnkrok\jarnkca01,Hockey,Center,2014,22,4
Calvin de Haan\dehaaca01,Hockey,Defense,2012,20,6
Cam Atkinson\atkinca01,Hockey,Right Wing,2012,22,6
Cam Fowler\fowleca01,Hockey,Defense,2011,19,7
Cam Paddock\paddoca01,Hockey,Center,2009,25,1
Cameron Gaunce\gauncca01,Hockey,Defense,2011,20,7
Cameron Schilling\schilca01,Hockey,Defense,2013,24,3
Carl Corazzini\corazca01,Hockey,Center,2007,27,1
Carl Gunnarsson\gunnaca01,Hockey,Defense,2010,23,8
Carl Hagelin\hagelca01,Hockey,Left Wing,2012,23,6
Carl Klingberg\klingca01,Hockey,Left Wing,2011,20,5
Carl Sneep\sneepca01,Hockey,Defense,2012,24,1
Carl Soderberg\soderca01,Hockey,Center,2013,27,5
Carson McMillan\mcmilca01,Hockey,Right Wing,2011,22,4
Carter Ashton\ashtoca01,Hockey,Right Wing,2012,20,4
Carter Bancks\banckca01,Hockey,Left Wing,2013,23,1
Carter Camper\campeca01,Hockey,Center,2012,23,1
Carter Rowney\rowneca01,Hockey,Right Wing,2017,27,1
Casey Bailey\baileca01,Hockey,Center,2015,23,3
Casey Borer\borerca01,Hockey,Defense,2008,22,3
Casey Cizikas\cizikca01,Hockey,Center,2012,20,6
Casey Nelson\nelsoca01,Hockey,Defense,2016,23,2
Casey Wellman\wellmca01,Hockey,Center,2010,22,5
Cedric Paquette\paquece01,Hockey,Center,2014,20,4
Chad Billins\billich01,Hockey,Defense,2014,24,1
Chad Kolarik\kolarch01,Hockey,Right Wing,2010,24,2
Chad Rau\rauch01,Hockey,Center,2012,25,1
Chad Ruhwedel\ruhwech01,Hockey,Defense,2013,22,5
Chandler Stephenson\stephch02,Hockey,Center,2016,21,2
Charles Hudon\hudonch01,Hockey,Left Wing,2016,21,2
Charles Linglet\linglch01,Hockey,Left Wing,2010,27,1
Charlie Coyle\coylech01,Hockey,Center,2013,20,5
Chase De Leo\deleoch01,Hockey,Center,2016,20,1
Chay Genoway\genowch01,Hockey,Defense,2012,25,1
Chris Bigras\bigrach01,Hockey,Defense,2016,20,1
Chris Bourque\bourqch01,Hockey,Left Wing,2008,22,6
Chris Brown\brownch01,Hockey,Center,2013,21,4
Chris Butler\butlech01,Hockey,Defense,2009,22,9
Chris Conner\connech01,Hockey,Right Wing,2007,23,9
Chris Didomenico\didomch01,Hockey,Right Wing,2017,27,1
Chris Durno\durnoch01,Hockey,Left Wing,2009,28,2
Chris Kreider\kreidch01,Hockey,Center,2013,21,5
Chris Minard\minarch01,Hockey,Left Wing,2008,26,3
Chris Mueller\muellch01,Hockey,Center,2011,24,5
Chris Porter\portech01,Hockey,Center,2009,24,8
Marty Murray\murrama01,Hockey,Center,2007,31,1
Chris Stewart\stewach02,Hockey,Right Wing,2009,21,9
Chris Summers\summech01,Hockey,Defense,2011,22,6
Chris Tanev\tanevch01,Hockey,Defense,2011,21,7
Chris Terry\terrych01,Hockey,Left Wing,2013,23,5
Chris Tierney\tiernch01,Hockey,Center,2015,20,3
Chris VandeVelde\vandech01,Hockey,Center,2011,23,7
Chris Wagner\wagnech01,Hockey,Center,2015,23,3
Chris Wideman\widemch01,Hockey,Defense,2016,26,2
Christian Dvorak\dvorach01,Hockey,Left Wing,2017,20,1
Christian Fischer\fischch01,Hockey,Right Wing,2017,19,1
Christian Folin\folinch01,Hockey,Defense,2014,22,4
Christian Hanson\hansoch01,Hockey,Center,2009,22,3
Christian Thomas\thomach01,Hockey,Left Wing,2013,20,4
Christoph Bertschy\bertsch02,Hockey,Center,2016,21,2
Christopher Breen\breench01,Hockey,Defense,2014,24,1
Clarke MacArthur\macarcl01,Hockey,Left Wing,2007,21,11
Claude Giroux\giroucl01,Hockey,Center,2008,20,10
Clay Wilson\wilsocl01,Hockey,Defense,2008,24,5
Clayton Keller\kellecl01,Hockey,Left Wing,2017,18,1
Clayton Stoner\stonecl01,Hockey,Defense,2010,24,8
Cody Almond\almonco01,Hockey,Center,2010,20,3
Cody Bass\bassco01,Hockey,Center,2008,21,10
Cody Ceci\cecico01,Hockey,Defense,2014,20,4
Cody Eakin\eakinco01,Hockey,Center,2012,20,6
Cody Franson\fransco01,Hockey,Defense,2010,22,8
Cody Goloubef\golouco01,Hockey,Defense,2012,22,6
Cody Hodgson\hodgsco01,Hockey,Center,2011,20,6
Cody Kunyk\kunykco01,Hockey,Left Wing,2014,23,1
Cody McLeod\mcleoco01,Hockey,Left Wing,2008,23,10
Colby Cohen\cohenco01,Hockey,Defense,2011,21,1
Colby Robak\robakco01,Hockey,Defense,2012,21,4
Cole Schneider\schneco02,Hockey,Left Wing,2016,25,2
Colin Fraser\fraseco01,Hockey,Center,2007,22,9
Colin Greening\greenco01,Hockey,Center,2011,24,6
Colin McDonald\mcdonco01,Hockey,Center,2010,25,8
Colin Miller\milleco02,Hockey,Defense,2016,23,2
Colin Smith\smithco01,Hockey,Center,2015,21,1
Colin Stuart\stuarco01,Hockey,Left Wing,2008,25,5
Colin White\whiteco02,Hockey,Center,2017,20,1
Colin Wilson\wilsoco01,Hockey,Center,2010,20,8
Colten Teubert\teubeco01,Hockey,Defense,2012,21,1
Colton Gillies\gillico01,Hockey,Center,2009,19,5
Colton Parayko\parayco01,Hockey,Defense,2016,22,2
Colton Sceviour\scevico01,Hockey,Center,2011,21,7
Colton Sissons\sissoco01,Hockey,Center,2014,20,4
Connor Brickley\brickco01,Hockey,Center,2016,23,1
Connor Brown\brownco02,Hockey,Right Wing,2016,22,2
Connor Carrick\carrico01,Hockey,Defense,2014,19,4
Connor Jones\jonesco01,Hockey,Center,2017,26,1
Connor McDavid\mcdavco01,Hockey,Center,2016,19,2
Connor Murphy\murphco02,Hockey,Defense,2014,20,4
Conor Allen\allenco01,Hockey,Defense,2014,24,2
Conor Sheary\shearco01,Hockey,Left Wing,2016,23,2
Corban Knight\knighco01,Hockey,Center,2014,23,3
Corey Elkins\elkinco01,Hockey,Center,2010,24,1
Corey Locke\lockeco01,Hockey,Center,2008,23,4
Corey Potter\potteco01,Hockey,Defense,2009,25,8
Corey Tropp\troppco01,Hockey,Right Wing,2012,22,6
Cory Conacher\conacco01,Hockey,Center,2013,23,5
Cory Emmerton\emmerco01,Hockey,Center,2011,22,4
Cory Murphy\murphco01,Hockey,Defense,2008,29,3
Craig Cunningham\cunnicr01,Hockey,Right Wing,2014,23,3
Craig Smith\smithcr01,Hockey,Center,2012,22,6
Craig Weller\wellecr01,Hockey,Right Wing,2008,27,2
Cristoval Nieves\nievecr01,Hockey,Center,2017,23,1
Curtis Glencross\glenccu01,Hockey,Left Wing,2007,24,9
Curtis Hamilton\hamilcu01,Hockey,Left Wing,2015,23,1
Curtis Lazar\lazarcu01,Hockey,Center,2015,19,3
Curtis McKenzie\mckencu01,Hockey,Left Wing,2015,23,3
D.J. King\kingdj01,Hockey,Left Wing,2007,22,6
Dale Weise\weiseda01,Hockey,Right Wing,2011,22,7
Dalton Prout\proutda01,Hockey,Defense,2012,21,6
Damien Brunner\brunnda01,Hockey,Center,2013,26,3
Damon Severson\severda01,Hockey,Defense,2015,20,3
Dan Girardi\girarda01,Hockey,Defense,2007,22,11
Dan Renouf\renouda01,Hockey,Defense,2017,22,1
Dan Sexton\sextoda01,Hockey,Right Wing,2010,22,2
Dana Tyrell\tyrelda01,Hockey,Center,2011,21,5
Dane Byers\byersda01,Hockey,Left Wing,2008,21,5
Daniel Bang\bangda01,Hockey,Right Wing,2013,25,1
Daniel Carcillo\carcida01,Hockey,Left Wing,2007,22,9
Daniel Carr\carrda01,Hockey,Left Wing,2016,24,2
Daniel Catenacci\catenda01,Hockey,Center,2016,22,1
Daniel O'Regan\oregada01,Hockey,Center,2017,23,1
Daniel Sprong\spronda01,Hockey,Right Wing,2016,18,1
Daniel Winnik\winnida01,Hockey,Center,2008,22,10
Daniil Tarasov\tarasda01,Hockey,Right Wing,2015,23,1
Danny Biega\biegada01,Hockey,Defense,2015,23,1
Danny Bois\boisda01,Hockey,Right Wing,2007,23,1
Danny DeKeyser\dekeyda01,Hockey,Defense,2013,22,5
Danny Irmen\irmenda01,Hockey,Center,2010,25,1
Danton Heinen\heineda01,Hockey,Center,2017,21,1
Darcy Campbell\campbda02,Hockey,Defense,2007,22,1
Patrick Fischer\fischpa01,Hockey,Center,2007,31,1
Darnell Nurse\nurseda01,Hockey,Defense,2015,19,3
Darren Archibald\archida02,Hockey,Right Wing,2014,23,1
Darren Dietz\dietzda01,Hockey,Defense,2016,22,1
Darren Haydar\haydada01,Hockey,Right Wing,2007,27,4
Darren Helm\helmda01,Hockey,Center,2008,21,10
Darroll Powe\poweda01,Hockey,Center,2009,23,6
Darryl Bootland\bootlda01,Hockey,Right Wing,2007,25,2
Darryl Boyce\boyceda01,Hockey,Center,2008,23,5
Dave Bolland\bollada01,Hockey,Center,2007,20,10
Dave Moss\mossda01,Hockey,Left Wing,2007,25,9
David Backes\backeda01,Hockey,Center,2007,22,11
David Booth\boothda01,Hockey,Left Wing,2007,22,9
David Brine\brineda01,Hockey,Center,2008,23,1
David Broll\brollda01,Hockey,Left Wing,2014,21,1
David Clarkson\clarkda03,Hockey,Right Wing,2007,22,10
David Desharnais\deshada01,Hockey,Center,2010,23,8
David Dziurzynski\dziurda01,Hockey,Center,2013,23,4
David Jones\jonesda01,Hockey,Right Wing,2008,23,9
David Koci\kocida01,Hockey,Defense,2007,25,5
David Krejci\krejcda01,Hockey,Center,2007,20,11
David Laliberte\lalibda01,Hockey,Right Wing,2010,23,1
David McIntyre\mcintda01,Hockey,Center,2012,24,1
David Musil\musilda01,Hockey,Defense,2015,21,1
David Pastrnak\pastrda01,Hockey,Right Wing,2015,18,3
David Perron\perroda01,Hockey,Left Wing,2008,19,10
David Rundblad\rundbda01,Hockey,Defense,2012,21,5
David Savard\savarda01,Hockey,Defense,2012,21,6
David Schlemko\schleda01,Hockey,Defense,2009,21,9
David Sloane\sloanda01,Hockey,Right Wing,2009,23,1
David Ullstrom\ullstda01,Hockey,Left Wing,2012,22,2
David Van Der Gulik\vandeda01,Hockey,Left Wing,2009,25,7
David Warsofsky\warsoda01,Hockey,Defense,2014,23,4
David Wolf\wolfda01,Hockey,Left Wing,2015,25,1
Davis Drewiske\drewida01,Hockey,Defense,2009,24,5
Dean Arsene\arsende01,Hockey,Defense,2010,29,1
Dean Kukan\kukande01,Hockey,Defense,2016,22,1
Denis Arkhipov\arkhide01,Hockey,Center,2007,27,1
Denis Gurianov\guriade01,Hockey,Right Wing,2017,19,1
Denis Malgin\malgide01,Hockey,Center,2017,20,1
Denis Tolpeko\tolpede01,Hockey,Center,2008,23,1
Dennis Everberg\everbde01,Hockey,Right Wing,2015,23,2
Dennis Rasmussen\rasmude01,Hockey,Center,2016,25,2
Derek Dorsett\dorsede01,Hockey,Right Wing,2009,22,9
Derek Forbort\forbode01,Hockey,Defense,2016,23,2
Derek Grant\grantde01,Hockey,Center,2013,22,5
Derek Joslin\joslide01,Hockey,Defense,2009,21,5
Derek Meech\meechde01,Hockey,Defense,2007,22,7
Derek Peltier\peltide01,Hockey,Defense,2009,23,2
Derek Ryan\ryande01,Hockey,Center,2016,29,2
Derek Smith\smithde05,Hockey,Defense,2010,25,5
Derek Stepan\stepade01,Hockey,Center,2011,20,7
Derek Whitmore\whitmde01,Hockey,Left Wing,2012,27,1
Derick Brassard\brassde01,Hockey,Center,2008,20,10
Deron Quint\quintde01,Hockey,Defense,2007,30,1
Derrick Pouliot\poulide01,Hockey,Defense,2015,21,3
Derrick Walser\walsede01,Hockey,Defense,2007,28,1
Deryk Engelland\engelde01,Hockey,Defense,2010,27,8
Devante Smith-Pelly\smithde06,Hockey,Right Wing,2012,19,6
Devin Setoguchi\setogde01,Hockey,Right Wing,2008,21,10
Devin Shore\shorede01,Hockey,Center,2016,21,2
Dillon Simpson\simpsdi01,Hockey,Defense,2017,24,1
Dmitrij Jaskin\jaskidm01,Hockey,Right Wing,2013,19,5
Dmitry Korobov\korobdm01,Hockey,Defense,2014,24,1
Dmitry Kulikov\kulikdm01,Hockey,Defense,2010,19,8
Dmitry Orlov\orlovdm01,Hockey,Defense,2012,20,6
Dominik Simon\simondo01,Hockey,Center,2016,21,2
Dominik Uher\uherdo01,Hockey,Center,2015,22,1
Doug Janik\janikdo01,Hockey,Defense,2007,26,6
Dougie Hamilton\hamildo01,Hockey,Defense,2013,19,5
Drake Caggiula\caggidr01,Hockey,Left Wing,2017,22,1
Drayson Bowman\bowmadr01,Hockey,Center,2010,20,6
Drew Bagnall\bagnadr01,Hockey,Defense,2011,27,1
Drew Doughty\doughdr01,Hockey,Defense,2009,19,9
Drew Fata\fatadr01,Hockey,Defense,2007,23,2
Drew Larman\larmadr01,Hockey,Center,2007,21,4
Drew LeBlanc\lebladr01,Hockey,Center,2013,23,1
Drew Miller\milledr01,Hockey,Left Wing,2008,23,10
Drew Shore\shoredr01,Hockey,Center,2013,22,5
Drew Stafford\staffdr01,Hockey,Right Wing,2007,21,11
Duncan Milroy\milrodu01,Hockey,Right Wing,2007,23,1
Duncan Siemens\siemedu01,Hockey,Defense,2015,21,3
Dustin Boyd\boyddu01,Hockey,Center,2007,20,5
Dustin Jeffrey\jeffrdu01,Hockey,Center,2009,20,8
Dustin Kohn\kohndu01,Hockey,Defense,2010,22,1
Dwight Helminen\helmidw01,Hockey,Center,2009,25,2
Dwight King\kingdw01,Hockey,Left Wing,2011,21,7
Dylan DeMelo\demeldy01,Hockey,Defense,2016,22,2
Dylan Larkin\larkidy01,Hockey,Center,2016,19,2
Dylan McIlrath\mcilrdy01,Hockey,Defense,2014,21,4
Dylan Olsen\olsendy01,Hockey,Defense,2012,21,5
Dylan Reese\reesedy01,Hockey,Defense,2010,25,6
Dylan Strome\stromdy01,Hockey,Center,2017,19,1
Elias Lindholm\lindhel01,Hockey,Center,2014,19,4
Emerson Etem\etemem01,Hockey,Left Wing,2013,20,5
Emile Poirier\poiriem01,Hockey,Left Wing,2015,20,2
Enver Lisin\lisinen01,Hockey,Right Wing,2007,20,4
Eriah Hayes\hayeser01,Hockey,Right Wing,2014,25,2
Eric Gelinas\geliner01,Hockey,Defense,2013,21,5
Eric Gryba\grybaer01,Hockey,Defense,2013,24,5
Eric Meloche\melocer01,Hockey,Right Wing,2007,30,1
Eric O'Dell\odeller01,Hockey,Center,2014,23,2
Steve Kelly\kellyst01,Hockey,Center,2008,31,1
Eric Selleck\selleer01,Hockey,Left Wing,2013,25,4
Eric Tangradi\tangrer01,Hockey,Left Wing,2010,20,7
Eric WelLeft Wingood\welLeft Winger01,Hockey,Left Wing,2011,20,3
Erik Burgdoerfer\burgder01,Hockey,Defense,2017,28,1
Erik Condra\condrer01,Hockey,Right Wing,2011,24,7
Erik Gudbranson\gudbrer01,Hockey,Defense,2012,20,6
Erik Gustafsson\gustaer01,Hockey,Defense,2011,22,4
Erik Gustafsson\gustaer02,Hockey,Defense,2016,23,1
Erik Haula\haulaer01,Hockey,Center,2014,22,4
Erik Johnson\johnser01,Hockey,Defense,2008,19,10
Erik Karlsson\karlser01,Hockey,Defense,2010,19,8
Esa Lindell\lindees01,Hockey,Defense,2016,21,2
Evan Brophey\brophev01,Hockey,Center,2011,24,2
Evan McEneny\mceneev01,Hockey,Defense,2017,22,1
Evan Oberg\obergev01,Hockey,Defense,2010,21,3
Evan Rodrigues\rodriev01,Hockey,Center,2016,22,2
Evander Kane\kaneev01,Hockey,Center,2010,18,8
Evgeni Dadonov\dadonev01,Hockey,Right Wing,2010,20,3
Evgeni Malkin\malkiev01,Hockey,Center,2007,20,11
Evgeny Grachev\grachev01,Hockey,Center,2011,20,2
Evgeny Kuznetsov\kuzneev01,Hockey,Center,2014,21,4
Evgeny Svechnikov\svechev01,Hockey,Right Wing,2017,20,1
Fabian Brunnstrom\brunnfa01,Hockey,Left Wing,2009,23,4
Filip Forsberg\forsbfi01,Hockey,Center,2013,18,5
Francis Wathier\wathifr01,Hockey,Left Wing,2010,25,4
Frank Corrado\corrafr01,Hockey,Defense,2013,19,5
Frank Vatrano\vatrafr01,Hockey,Center,2016,21,2
Frans Nielsen\nielsfr01,Hockey,Center,2007,22,11
Yannick Tremblay\trembya01,Hockey,Defense,2007,31,1
Frazer McLaren\mclarfr01,Hockey,Left Wing,2010,22,5
Freddie Hamilton\hamilfr01,Hockey,Center,2014,22,4
Frederick Gaudreau\gaudrfr01,Hockey,Center,2017,23,1
Frederik Gauthier\gauthfr01,Hockey,Center,2016,20,2
Fredrik Claesson\claesfr01,Hockey,Defense,2016,23,2
Frédéric St. Denis\stdenfr01,Hockey,Defense,2012,26,4
Gabe Gauthier\gauthga01,Hockey,Left Wing,2007,23,2
Gabriel Bourque\bourqga01,Hockey,Left Wing,2012,21,6
Gabriel Carlsson\carlsga01,Hockey,Defense,2017,20,1
Gabriel Dumont\dumonga01,Hockey,Center,2012,21,6
Gabriel Landeskog\landega01,Hockey,Left Wing,2012,19,6
Garnet Hathaway\hathaga01,Hockey,Right Wing,2016,24,2
Garrett Mitchell\mitchga01,Hockey,Right Wing,2017,25,1
Garrett Stafford\staffga01,Hockey,Defense,2008,28,4
Garrett Wilson\wilsoga01,Hockey,Left Wing,2014,22,3
Gemel Smith\smithge02,Hockey,Center,2017,22,1
Geoff Kinrade\kinrage01,Hockey,Defense,2009,23,1
Anders Eriksson\eriksan01,Hockey,Defense,2007,32,4
Grant Clitsome\clitsgr01,Hockey,Defense,2010,24,6
Grant Lewis\lewisgr01,Hockey,Defense,2009,24,1
Greg Mauldin\mauldgr01,Hockey,Center,2010,27,2
Greg McKegg\mckeggr01,Hockey,Center,2014,21,4
Greg Moore\mooregr01,Hockey,Right Wing,2008,23,3
Greg Nemisz\nemisgr01,Hockey,Center,2011,20,2
Greg Pateryn\patergr01,Hockey,Defense,2013,22,5
Greg Rallo\rallogr01,Hockey,Center,2012,30,2
Greg Stewart\stewagr01,Hockey,Left Wing,2008,21,3
Griffen Molino\molingr01,Hockey,Center,2017,23,1
Griffin Reinhart\reinhgr01,Hockey,Defense,2015,21,2
Guillaume Desbiens\desbigu01,Hockey,Defense,2010,24,3
Guillaume Latendresse\latengu01,Hockey,Right Wing,2007,19,7
Gustav Forsling\forslgu02,Hockey,Defense,2017,20,1
Gustav Nyquist\nyquigu01,Hockey,Center,2012,22,6
Gustav Olofsson\olofsgu01,Hockey,Defense,2016,21,2
Hampus Lindholm\lindhha01,Hockey,Defense,2014,20,4
Harri Pesonen\pesonha01,Hockey,Center,2013,24,1
Harry Zolnierczyk\zolniha01,Hockey,Left Wing,2012,24,6
Henrik Samuelsson\samuehe01,Hockey,Center,2015,20,1
Hudson Fasching\faschhu01,Hockey,Right Wing,2016,20,2
Hugh Jessiman\jessihu01,Hockey,Right Wing,2011,26,1
Hunter Shinkaruk\shinkhu01,Hockey,Center,2016,21,2
Ian Cole\coleia01,Hockey,Defense,2011,21,7
Ian McCoshen\mccosia01,Hockey,Defense,2017,21,1
Iiro Pakarinen\pakarii01,Hockey,Right Wing,2015,23,3
Ilkka Heikkinen\heikkil01,Hockey,Defense,2010,25,1
Ilkka Pikkarainen\pikkail01,Hockey,Right Wing,2010,28,1
Ilya Zubov\zubovil01,Hockey,Center,2008,20,2
Ivan Baranka\baraniv01,Hockey,Defense,2008,22,1
Ivan Barbashev\barbaiv01,Hockey,Center,2017,21,1
Ivan Provorov\provoiv01,Hockey,Defense,2017,20,1
Ivan Vishnevskiy\vishniv01,Hockey,Defense,2009,20,2
J.C. Lipon\liponj.01,Hockey,Right Wing,2016,22,1
J.T. Brown\brownjt01,Hockey,Left Wing,2012,21,6
J.T. Compher\comphj.01,Hockey,Left Wing,2017,21,1
J.T. Miller\millejt01,Hockey,Center,2013,19,5
J.T. Wyman\wymanja01,Hockey,Right Wing,2010,23,4
Jaccob Slavin\slavija01,Hockey,Defense,2016,21,2
Jack Eichel\eicheja01,Hockey,Center,2016,19,2
Jack Hillen\hilleja01,Hockey,Defense,2008,22,8
Jack Johnson\johnsja02,Hockey,Defense,2007,20,11
Jack Roslovic\rosloja01,Hockey,Center,2017,20,1
Jack Skille\skillja01,Hockey,Right Wing,2008,20,10
Jacob Josefson\josefja01,Hockey,Center,2011,19,7
Jacob Larsson\larssja01,Hockey,Defense,2017,19,1
Jacob Trouba\troubja01,Hockey,Defense,2014,19,4
Jacob de La Rose\delarja01,Hockey,Left Wing,2015,19,3
Jaden Schwartz\schwaja01,Hockey,Center,2012,19,6
Jaime Sifers\siferja01,Hockey,Defense,2009,26,2
Jake Dotchin\dotchja01,Hockey,Defense,2017,22,1
Jake Dowell\dowelja01,Hockey,Center,2008,22,7
Jake Gardiner\gardija01,Hockey,Defense,2012,21,6
Jake Guentzel\guentja01,Hockey,Center,2017,22,1
Jake McCabe\mccabja01,Hockey,Defense,2014,20,4
Jake Muzzin\muzzija01,Hockey,Defense,2011,21,7
Jake Virtanen\virtaja01,Hockey,Right Wing,2016,19,2
Jakob Chychrun\chychja01,Hockey,Defense,2017,18,1
Jakob Forsbacka Karlsson\forsbja01,Hockey,Center,2017,20,1
Jakob Silfverberg\silfvja01,Hockey,Right Wing,2013,22,5
Jakub Kindl\kindlja01,Hockey,Defense,2010,22,8
Jakub Nakladal\naklaja01,Hockey,Defense,2016,28,2
Jakub Petruzalek\petruja01,Hockey,Center,2009,23,1
Jakub Voracek\voracja01,Hockey,Right Wing,2009,19,9
Jakub Vrana\vranaja01,Hockey,Left Wing,2017,20,1
James Neal\nealja01,Hockey,Left Wing,2009,21,9
James Sheppard\sheppja01,Hockey,Center,2008,19,8
James Wright\wrighja02,Hockey,Center,2010,19,5
James van Riemsdyk\vanrija01,Hockey,Left Wing,2010,20,8
Jamie Arniel\arnieja01,Hockey,Center,2011,21,1
Jamie Benn\bennja01,Hockey,Center,2010,20,8
Jamie Devane\devanja01,Hockey,Left Wing,2014,22,1
Jamie Doornbosch\doornja01,Hockey,Defense,2011,20,1
Jamie Fraser\fraseja01,Hockey,Defense,2009,23,1
Jamie Fritsch\fritsja01,Hockey,Defense,2009,23,1
Jamie Hunt\huntja01,Hockey,Defense,2007,22,1
Jamie McBain\mcbaija02,Hockey,Defense,2010,21,8
Jamie McGinn\mcginja01,Hockey,Left Wing,2009,20,9
Jamie Oleksiak\oleksja01,Hockey,Defense,2013,20,5
Jamie Tardif\tardija01,Hockey,Right Wing,2013,28,1
Jan Hejda\hejdaja01,Hockey,Defense,2007,28,9
Jan Mursak\mursaja01,Hockey,Left Wing,2011,23,3
Janis Sprukts\sprukja01,Hockey,Center,2007,25,3
Janne Niskala\niskaja01,Hockey,Defense,2009,27,1
Janne Pesonen\pesonja01,Hockey,Left Wing,2009,26,1
Jannik Hansen\hanseja01,Hockey,Left Wing,2008,21,10
Jared Boll\bollja01,Hockey,Right Wing,2008,21,10
Jared Cowen\cowenja01,Hockey,Defense,2010,19,7
Jared McCann\mccanja01,Hockey,Center,2016,19,2
Jared Ross\rossja01,Hockey,Center,2009,26,2
Jared Spurgeon\spurgja01,Hockey,Defense,2011,21,7
Jared Staal\staalja01,Hockey,Right Wing,2013,22,1
Jarod Palmer\palmeja01,Hockey,Right Wing,2012,25,1
Glen Metropolit\metrogl01,Hockey,Center,2007,32,4
Jarred Tinordi\tinorja01,Hockey,Defense,2013,20,4
Jason Akeson\akesoja01,Hockey,Center,2013,22,3
Jason Demers\demerja01,Hockey,Defense,2010,21,8
Jason Dickinson\dickija01,Hockey,Center,2016,20,2
Jason Garrison\garrija01,Hockey,Defense,2009,24,9
Jason Jaffray\jaffrja01,Hockey,Right Wing,2008,26,5
Jason King\kingja01,Hockey,Right Wing,2008,26,1
Jason Zucker\zuckeja01,Hockey,Left Wing,2012,20,6
Jay Beagle\beaglja01,Hockey,Center,2009,23,9
Jay Rosehill\rosehja01,Hockey,Defense,2010,24,5
Jaycob Megna\megnaja02,Hockey,Defense,2017,24,1
Jayson Megna\megnaja01,Hockey,Center,2014,23,4
Jean-Gabriel Pageau\pageaje01,Hockey,Center,2013,20,5
Jean-Sebastien Dea\deaje01,Hockey,Center,2017,22,1
Jeff Finger\fingeje01,Hockey,Defense,2007,27,4
Jeff Penner\penneje01,Hockey,Defense,2010,22,1
Jeff Petry\petryje01,Hockey,Defense,2011,23,7
Jeff Schultz\schulje02,Hockey,Defense,2007,20,10
Jeff Skinner\skinnje01,Hockey,Left Wing,2011,18,7
Jeremy Morin\morinje01,Hockey,Left Wing,2011,19,5
Jeremy Reich\reichje01,Hockey,Center,2007,27,2
Jeremy Welsh\welshje01,Hockey,Center,2012,23,5
Jerome Samson\samsoje01,Hockey,Right Wing,2010,22,3
Jerry D'Amigo\damigje01,Hockey,Right Wing,2014,22,2
Jesper Fast\fastje01,Hockey,Right Wing,2014,22,4
Jesse Blacker\blackje01,Hockey,Defense,2015,23,1
Jesse Joensuu\joensje01,Hockey,Left Wing,2009,21,7
Jesse Puljujarvi\puljuje01,Hockey,Right Wing,2017,18,1
Jesse Schultz\schulje01,Hockey,Right Wing,2007,24,1
Jesse Winchester\winchje01,Hockey,Center,2008,24,7
Justin Johnson\johnsju01,Hockey,Right Wing,2014,32,1
Jim O'Brien\obrieji01,Hockey,Center,2011,22,6
Jimmy Hayes\hayesji01,Hockey,Right Wing,2012,22,6
Jimmy Vesey\veseyji02,Hockey,Left Wing,2017,23,1
Jiri Sekac\sekacji01,Hockey,Left Wing,2015,22,2
Jiri Tlusty\tlustji01,Hockey,Center,2008,19,9
Joakim Andersson\anderjo03,Hockey,Center,2012,22,5
Joakim Nordstrom\nordsjo02,Hockey,Center,2014,21,4
Joe Callahan\callajo02,Hockey,Defense,2009,26,3
Joe Colborne\colbojo01,Hockey,Center,2011,21,7
Joe Finley\finlejo01,Hockey,Defense,2012,24,2
Joe Jensen\jensejo01,Hockey,Center,2008,24,1
Joe Pavelski\paveljo01,Hockey,Center,2007,22,11
Joe Piskula\piskujo01,Hockey,Defense,2007,22,9
Joe Vitale\vitaljo01,Hockey,Center,2011,25,6
Joe Whitney\whitnjo01,Hockey,Right Wing,2014,25,2
Joel Armia\armiajo01,Hockey,Right Wing,2015,21,3
Joel Edmundson\edmunjo01,Hockey,Defense,2016,22,2
Joel Eriksson Ek\eriksjo02,Hockey,Left Wing,2017,20,1
Joel Hanley\hanlejo01,Hockey,Defense,2016,24,2
Joel Lundqvist\lundqjo01,Hockey,Center,2007,24,3
Joel Rechlicz\rechljo01,Hockey,Right Wing,2009,21,4
Joel Vermin\vermijo01,Hockey,Right Wing,2016,23,2
Joel Ward\wardjo02,Hockey,Right Wing,2007,26,11
Joey Crabb\crabbjo01,Hockey,Right Wing,2009,25,6
Joey Hishon\hishojo01,Hockey,Center,2015,23,1
Joey Mormina\mormijo01,Hockey,Defense,2008,25,1
Johan Harju\harjujo01,Hockey,Left Wing,2011,24,1
Johan Larsson\larssjo02,Hockey,Center,2013,20,5
Johan Motin\motinjo01,Hockey,Defense,2010,20,1
Johan Sundstrom\sundsjo01,Hockey,Center,2014,21,1
John Albert\alberjo01,Hockey,Center,2014,25,1
John Carlson\carlsjo01,Hockey,Defense,2010,20,8
John Hayden\haydejo01,Hockey,Left Wing,2017,21,1
John Klingberg\klingjo01,Hockey,Defense,2015,22,3
John McCarthy\mccarjo01,Hockey,Center,2010,23,7
John McFarland\mcfarjo01,Hockey,Left Wing,2016,23,1
John Mitchell\mitchjo01,Hockey,Center,2009,24,9
John Moore\moorejo01,Hockey,Defense,2011,20,7
John Negrin\negrijo01,Hockey,Defense,2009,19,1
John Persson\perssjo01,Hockey,Left Wing,2014,21,1
John Quenneville\quennjo02,Hockey,Center,2017,20,1
John Ramage\ramagjo01,Hockey,Defense,2015,23,2
John Scott\scottjo01,Hockey,Defense,2009,26,8
John Tavares\tavarjo01,Hockey,Center,2010,19,8
John Zeiler\zeilejo01,Hockey,Right Wing,2007,24,5
Johnny Boychuk\boychjo01,Hockey,Defense,2008,24,10
Johnny Gaudreau\gaudrjo01,Hockey,Left Wing,2014,20,4
Johnny Oduya\oduyajo01,Hockey,Defense,2007,25,11
Jon Kalinski\kalinjo01,Hockey,Center,2009,21,2
Jon Marchessault\audymjo01,Hockey,Center,2013,22,5
Jon Matsumoto\matsujo01,Hockey,Center,2011,24,2
Jon Rheault\rheaujo01,Hockey,Right Wing,2013,26,1
Jonas Andersson\anderjo02,Hockey,Right Wing,2011,29,1
Jonas Brodin\brodijo01,Hockey,Defense,2013,19,5
Jonas Frogren\frogrjo01,Hockey,Defense,2009,28,1
Jonas Holos\holosjo01,Hockey,Defense,2011,23,1
Jonas Junland\junlajo01,Hockey,Defense,2009,21,2
Jonas Nordqvist\nordqjo01,Hockey,Center,2007,24,1
Jonathan Drouin\drouijo01,Hockey,Left Wing,2015,19,3
Jonathan Ericsson\ericsjo01,Hockey,Defense,2008,23,10
Jonathan Filewich\filewjo01,Hockey,Right Wing,2008,23,1
Jonathan Huberdeau\huberjo01,Hockey,Center,2013,19,5
Jonathan Racine\racinjo01,Hockey,Defense,2014,20,1
Jonathan Sigalet\sigaljo02,Hockey,Defense,2007,20,1
Jonathan Toews\toewsjo01,Hockey,Center,2008,19,10
Jonathon Blum\blumjo02,Hockey,Defense,2011,22,5
Jonathon Merrill\merrijo01,Hockey,Defense,2014,21,4
Jonny Brodzinski\brodzjo01,Hockey,Center,2017,23,1
Joonas Donskoi\donskjo01,Hockey,Right Wing,2016,23,2
Joonas Kemppainen\kemppjo01,Hockey,Center,2016,27,1
Joonas Nattinen\nattijo01,Hockey,Center,2014,23,1
Joonas Rask\raskjo01,Hockey,Center,2013,22,1
Jordan Caron\caronjo01,Hockey,Right Wing,2011,20,6
Jordan Eberle\eberljo01,Hockey,Center,2011,20,7
Jordan Hendry\hendrjo02,Hockey,Defense,2008,23,6
Jordan Martinook\martijo01,Hockey,Center,2015,22,3
Jordan Nolan\nolanjo01,Hockey,Center,2012,22,6
Jordan Oesterle\oestejo01,Hockey,Defense,2015,22,3
Jordan Schmaltz\schmajo01,Hockey,Defense,2017,23,1
Jordan Schroeder\schrojo01,Hockey,Center,2013,22,5
Jordan Smotherman\lavaljo01,Hockey,Left Wing,2008,21,2
Jordan Staal\staaljo01,Hockey,Center,2007,18,11
Jordan Szwarz\szwarjo01,Hockey,Right Wing,2014,22,2
Jordan Weal\wealjo01,Hockey,Center,2016,23,2
Jordie Benn\bennjo01,Hockey,Defense,2012,24,6
Jori Lehtera\lehtejo01,Hockey,Center,2015,27,3
Joseph Blandisi\blandjo01,Hockey,Left Wing,2016,21,2
Joseph Cramarossa\cramajo01,Hockey,Left Wing,2017,24,1
Joseph Labate\labatjo01,Hockey,Center,2017,23,1
Joseph Morrow\morrojo02,Hockey,Defense,2015,22,3
Josh Anderson\anderjo05,Hockey,Right Wing,2015,20,3
Josh Archibald\archijo01,Hockey,Right Wing,2016,23,2
Josh Bailey\bailejo01,Hockey,Center,2009,19,9
Josh Hennessy\hennejo01,Hockey,Center,2007,21,6
Josh Jooris\joorijo01,Hockey,Center,2015,24,3
Josh Leivo\leivojo01,Hockey,Left Wing,2014,20,4
Josh Manson\mansojo01,Hockey,Defense,2015,23,3
Josh Morrissey\morrijo04,Hockey,Defense,2016,20,2
Joshua Ho-Sang\hosanjo01,Hockey,Right Wing,2017,21,1
Jujhar Khaira\khairju01,Hockey,Left Wing,2016,21,2
Julian Melchiori\melchju01,Hockey,Defense,2014,22,4
Julien Brouillette\brouiju01,Hockey,Defense,2014,27,2
Julius Honka\honkaju01,Hockey,Defense,2017,21,1
Jussi Timonen\timonju01,Hockey,Defense,2007,23,1
Justin Abdelkader\abdelju01,Hockey,Left Wing,2008,20,10
Justin Bailey\baileju01,Hockey,Right Wing,2016,20,2
Justin Braun\braunju01,Hockey,Defense,2011,23,7
Justin Dibenedetto\dibenju01,Hockey,Left Wing,2011,22,1
Justin Dowling\dowliju01,Hockey,Center,2017,26,1
Justin Falk\falkju01,Hockey,Defense,2010,21,8
Justin Faulk\faulkju01,Hockey,Defense,2012,19,6
Justin Florek\floreju01,Hockey,Left Wing,2014,23,1
Justin Fontaine\fontaju01,Hockey,Right Wing,2014,26,3
Justin Hodgman\hodgmju01,Hockey,Center,2015,26,1
Justin Mercier\merciju01,Hockey,Left Wing,2010,22,1
Justin Schultz\schulju01,Hockey,Defense,2013,22,5
Justin Shugg\shuggju01,Hockey,Right Wing,2015,23,1
Jyrki Jokipakka\jokipjy01,Hockey,Defense,2015,23,3
Kael Mouillierat\mouilka01,Hockey,Left Wing,2015,27,2
Kalle Kossila\kossika01,Hockey,Left Wing,2017,23,1
Kamil Kreps\krepska01,Hockey,Center,2007,22,4
Karel Rachunek\rachuka01,Hockey,Defense,2007,27,2
Karl Alzner\alzneka01,Hockey,Defense,2009,20,9
Karl Stollery\stollka01,Hockey,Defense,2014,26,4
Kaspars Daugavins\daugaka01,Hockey,Left Wing,2010,21,4
Kasperi Kapanen\kapanka01,Hockey,Right Wing,2016,19,2
Keaton Ellerby\ellerke01,Hockey,Defense,2010,21,6
Keegan Lowe\loweke02,Hockey,Defense,2015,21,1
Keith Aulie\aulieke01,Hockey,Defense,2011,21,5
Peter Vandermeer\vandepe01,Hockey,Left Wing,2008,32,1
Keith Yandle\yandlke01,Hockey,Defense,2007,20,11
Kellan Lain\lainke01,Hockey,Left Wing,2014,24,1
Kenndal McArdle\mcardke01,Hockey,Left Wing,2009,22,4
Kenny Agostino\agostke01,Hockey,Left Wing,2014,21,4
Kent Huskins\huskike01,Hockey,Defense,2007,27,7
Kerby Rychel\rycheke01,Hockey,Left Wing,2015,20,2
Kevan Miller\milleke03,Hockey,Defense,2014,26,4
Kevin Connauton\connake01,Hockey,Defense,2014,23,4
Kevin Czuczman\czuczke01,Hockey,Defense,2014,23,1
Kevin Doell\doellke01,Hockey,Center,2008,28,1
Kevin Fiala\fialake01,Hockey,Left Wing,2015,18,3
Kevin Gravel\graveke01,Hockey,Defense,2016,23,2
Kevin Hayes\hayeske01,Hockey,Right Wing,2015,22,3
Kevin Henderson\hendeke01,Hockey,Left Wing,2013,26,1
Kevin Labanc\labanke01,Hockey,Right Wing,2017,21,1
Kevin Marshall\marshke01,Hockey,Defense,2012,22,1
Kevin Porter\porteke01,Hockey,Center,2009,22,9
Kevin Quick\quickke01,Hockey,Defense,2009,20,1
Kevin Rooney\rooneke01,Hockey,Center,2017,23,1
Kevin Shattenkirk\shattke01,Hockey,Defense,2011,22,7
Kevin Westgarth\westgke01,Hockey,Right Wing,2009,24,6
Klas Dahlbeck\dahlbkl01,Hockey,Defense,2015,23,3
Korbinian Holzer\holzeko01,Hockey,Defense,2011,22,7
Kris Chucko\chuckkr01,Hockey,Right Wing,2009,22,1
Kris Foucault\foucakr01,Hockey,Left Wing,2012,21,1
Kris Fredheim\fredhkr01,Hockey,Defense,2012,24,1
Kris Letang\letankr01,Hockey,Defense,2007,19,11
Kris Newbury\newbukr01,Hockey,Center,2007,24,8
Kris Russell\russekr01,Hockey,Defense,2008,20,10
Kris Versteeg\verstkr01,Hockey,Left Wing,2008,21,10
Krys Barch\barchkr01,Hockey,Left Wing,2007,26,8
Kurtis Gabriel\gabriku01,Hockey,Right Wing,2016,22,2
Kurtis McLean\mcleaku01,Hockey,Right Wing,2009,28,1
Kyle Baun\baunky01,Hockey,Right Wing,2015,22,2
Kyle Chipchura\chipcky01,Hockey,Center,2008,21,9
Kyle Clifford\cliffky01,Hockey,Left Wing,2011,20,7
Kyle Connor\connoky01,Hockey,Left Wing,2017,20,1
Kyle Cumiskey\cumisky01,Hockey,Defense,2007,20,9
Kyle Greentree\greenky01,Hockey,Left Wing,2008,24,2
Kyle Okposo\okposky01,Hockey,Right Wing,2008,19,10
Kyle Palmieri\palmiky01,Hockey,Center,2011,19,7
Kyle Rau\rauky01,Hockey,Center,2016,23,2
Kyle Turris\turriky01,Hockey,Center,2008,18,10
Kyle Wilson\wilsoky01,Hockey,Center,2010,25,3
Ladislav Smid\smidla01,Hockey,Defense,2007,20,10
Lance Bouma\boumala01,Hockey,Center,2011,20,7
Landon Ferraro\ferrala01,Hockey,Center,2014,22,3
Lane MacDermid\macdela01,Hockey,Defense,2012,22,3
Lars Eller\ellerla01,Hockey,Center,2010,20,8
Lars Jonsson\jonssla01,Hockey,Defense,2007,25,1
Lasse Kukkonen\kukkola01,Hockey,Defense,2007,25,3
Laurent Dauphin\dauphla01,Hockey,Center,2016,20,2
Lauri Korpikoski\korpila01,Hockey,Left Wing,2009,22,9
Lauri Tukonen\tukonla01,Hockey,Right Wing,2007,20,2
Lawrence Nycholat\nychola01,Hockey,Defense,2007,27,3
Lawson Crouse\crousla01,Hockey,Left Wing,2017,19,1
Lee Sweatt\sweatle01,Hockey,Defense,2011,25,1
Lennart Petrell\petrele01,Hockey,Center,2012,27,2
Leo Komarov\komarle01,Hockey,Center,2013,26,5
Leon Draisaitl\draisle01,Hockey,Center,2015,19,3
Liam O'Brien\obrieli01,Hockey,Center,2015,20,3
Liam Reddox\reddoli01,Hockey,Left Wing,2008,22,4
Linden Vey\veyli01,Hockey,Right Wing,2014,22,4
Linus Klasen\klaseli01,Hockey,Left Wing,2011,24,1
Linus Omark\omarkli01,Hockey,Left Wing,2011,23,4
Logan Couture\coutulo01,Hockey,Center,2010,20,8
Logan Shaw\shawlo01,Hockey,Right Wing,2016,24,2
Loui Eriksson\erikslo01,Hockey,Left Wing,2007,21,11
Louis Leblanc\leblalo01,Hockey,Center,2012,21,3
Luc Bourdon\bourdlu01,Hockey,Defense,2007,19,2
Luca Caputi\caputlu01,Hockey,Left Wing,2009,20,3
Luca Sbisa\sbisalu01,Hockey,Defense,2009,19,9
Lucas Lessio\lessilu01,Hockey,Left Wing,2014,21,3
Lucas Wallmark\wallmlu01,Hockey,Center,2017,21,1
Lukas Kaspar\kaspalu01,Hockey,Left Wing,2008,22,2
Lukas Sedlak\sedlalu01,Hockey,Left Wing,2017,23,1
Luke Adam\adamlu01,Hockey,Center,2011,20,5
Luke Gazdic\gazdilu01,Hockey,Left Wing,2014,24,4
Luke Glendening\glendlu01,Hockey,Center,2014,24,4
Luke Schenn\schenlu01,Hockey,Defense,2009,19,9
Luke Witkowski\witkolu01,Hockey,Defense,2015,24,3
MacGregor Sharp\sharpma01,Hockey,Center,2010,24,1
MacKenzie Weegar\weegama01,Hockey,Defense,2017,23,1
Magnus Paajarvi\paajama01,Hockey,Left Wing,2011,19,7
Maksim Mayorov\mayorma01,Hockey,Left Wing,2009,19,4
Marc Methot\methoma01,Hockey,Defense,2007,21,11
Marc Staal\staalma01,Hockey,Defense,2008,21,10
Marc-Andre Bourdon\bourdma01,Hockey,Defense,2012,22,1
Marc-Andre Cliche\clichma01,Hockey,Center,2010,22,6
Marc-Andre Gragnani\gragnma01,Hockey,Defense,2008,20,9
Marc-Edouard Vlasic\vlasima01,Hockey,Defense,2007,19,11
Marcel Mueller\muellma01,Hockey,Center,2011,22,1
Marco Scandella\scandma01,Hockey,Defense,2011,20,7
Marcus Foligno\foligma01,Hockey,Left Wing,2012,20,6
Marcus Johansson\johanma03,Hockey,Center,2011,20,7
Marcus Kruger\krugema01,Hockey,Center,2011,20,7
Marcus Sorensen\sorenma01,Hockey,Right Wing,2017,24,1
Marek Hrivik\hrivima01,Hockey,Left Wing,2016,24,2
Mario Bliznak\bliznma01,Hockey,Center,2010,22,2
Mark Alt\altma01,Hockey,Defense,2015,23,1
Mark Arcobello\arcobma01,Hockey,Center,2013,24,4
Mark Barberio\barbema01,Hockey,Defense,2013,22,5
Mark Borowiecki\borowma01,Hockey,Defense,2012,22,6
Mark Cundari\cundama01,Hockey,Defense,2013,22,2
Mark Fayne\faynema01,Hockey,Defense,2011,23,7
Mark Fistric\fistrma01,Hockey,Defense,2008,21,8
Mark Flood\floodma01,Hockey,Defense,2010,25,3
Mark Fraser\frasema01,Hockey,Defense,2007,20,9
Mark Jankowski\jankoma01,Hockey,Center,2017,22,1
Mark Katic\katicma01,Hockey,Defense,2011,21,1
Mark Letestu\letesma01,Hockey,Center,2010,24,8
Mark Mancari\mancama01,Hockey,Right Wing,2007,21,6
Mark McNeill\mcneima01,Hockey,Right Wing,2016,22,2
Mark Olver\olverma01,Hockey,Center,2011,23,3
Mark Pysyk\pysykma01,Hockey,Defense,2013,21,5
Mark Scheifele\scheima01,Hockey,Center,2012,18,6
Mark Stone\stonema01,Hockey,Right Wing,2013,20,5
Mark Van Guilder\vanguma01,Hockey,Center,2014,30,1
Marko Dano\danoma01,Hockey,Center,2015,20,3
Markus Granlund\granlma01,Hockey,Center,2014,20,4
Markus Hannikainen\hannima01,Hockey,Left Wing,2016,22,2
Markus Nutivaara\nutivma01,Hockey,Defense,2017,22,1
Martin Frk\frkma01,Hockey,Right Wing,2017,23,1
Martin Grenier\grenima01,Hockey,Defense,2007,26,1
Martin Hanzal\hanzama01,Hockey,Center,2008,20,10
Martin Lojek\lojekma01,Hockey,Defense,2007,21,2
Martin Marincin\marinma01,Hockey,Defense,2014,21,4
Bobby Robins\robinbo01,Hockey,Center,2015,33,1
Martins Karsums\karsuma01,Hockey,Right Wing,2009,22,1
Mason Raymond\raymoma01,Hockey,Left Wing,2008,22,10
Mat Clark\clarkma01,Hockey,Defense,2012,21,4
Mathew Barzal\barzama01,Hockey,Center,2017,19,1
Mathew Dumba\dumbama01,Hockey,Defense,2014,19,4
Mathieu Carle\carlema02,Hockey,Defense,2010,22,1
Mathieu Darche\darchma01,Hockey,Left Wing,2007,30,6
Mathieu Perreault\perrema01,Hockey,Center,2010,22,8
Mats Zuccarello\zuccama01,Hockey,Left Wing,2011,23,7
Matt Anderson\anderma01,Hockey,Right Wing,2013,30,1
Matt Bartkowski\bartkma01,Hockey,Defense,2011,22,7
Matt Beleskey\belesma01,Hockey,Left Wing,2009,20,9
Matt Benning\bennima01,Hockey,Defense,2017,22,1
Matt Calvert\calvema01,Hockey,Left Wing,2011,21,7
Matt Campanale\campama01,Hockey,Defense,2011,22,1
Matt Carey\careyma01,Hockey,Left Wing,2014,21,1
Matt D'Agostini\dagosma01,Hockey,Right Wing,2008,21,7
Matt Donovan\donovma01,Hockey,Defense,2012,21,4
Matt Duchene\duchema01,Hockey,Center,2010,19,8
Matt Ellis\ellisma01,Hockey,Left Wing,2007,25,9
Matt Fraser\frasema02,Hockey,Left Wing,2012,21,4
Matt Frattin\frattma01,Hockey,Right Wing,2011,23,5
Matt Gilroy\gilroma01,Hockey,Defense,2010,25,5
Matt Halischuk\halisma01,Hockey,Right Wing,2009,20,8
Matt Hendricks\hendrma01,Hockey,Center,2009,27,9
Matt Hunwick\hunwima01,Hockey,Defense,2008,22,10
Matt IRight Wingin\iRight Winginma01,Hockey,Defense,2013,25,5
Matt Kassian\kassima01,Hockey,Left Wing,2011,24,4
Matt Lashoff\lashoma01,Hockey,Defense,2007,20,5
Matt Lindblad\lindbma01,Hockey,Center,2014,23,2
Matt Martin\martima02,Hockey,Left Wing,2010,20,8
Matt Moulson\moulsma01,Hockey,Left Wing,2008,24,10
Matt Niskanen\niskama01,Hockey,Defense,2008,21,10
Matt Pelech\pelecma01,Hockey,Defense,2009,21,6
Matt Puempel\puempma01,Hockey,Left Wing,2015,22,3
Matt Read\readma01,Hockey,Right Wing,2012,25,6
Matt Smaby\smabyma01,Hockey,Defense,2008,23,4
Matt Taormina\taormma01,Hockey,Defense,2011,24,6
Matt Tennyson\tennyma01,Hockey,Defense,2013,22,5
Matt Watkins\watkima01,Hockey,Right Wing,2012,25,1
Matthew Corrente\correma01,Hockey,Defense,2010,21,2
Matthew Grzelcyk\grzelma01,Hockey,Defense,2017,23,1
Matthew Konan\konanma01,Hockey,Defense,2013,21,1
Matthew Lorito\loritma01,Hockey,Left Wing,2017,26,1
Matthew Nieto\nietoma01,Hockey,Left Wing,2014,21,4
Matthew Peca\pecama01,Hockey,Center,2017,23,1
Matthew Tkachuk\tkachma01,Hockey,Left Wing,2017,19,1
Mattias Ekholm\ekholma01,Hockey,Defense,2012,21,6
Mattias Janmark\janmama02,Hockey,Center,2016,23,1
Mattias Ritola\ritolma01,Hockey,Center,2008,20,5
Mattias Tedenby\tedenma01,Hockey,Left Wing,2011,20,4
Max Domi\domima01,Hockey,Left Wing,2016,20,2
Max Friberg\fribema01,Hockey,Left Wing,2015,22,2
Max McCormick\mccorma01,Hockey,Left Wing,2016,23,2
Max Pacioretty\pacioma01,Hockey,Left Wing,2009,20,9
Max Reinhart\reinhma01,Hockey,Center,2013,20,3
Max Sauve\sauvema01,Hockey,Center,2012,22,1
Maxim Noreau\noreama01,Hockey,Defense,2010,22,2
Maxime Fortunus\fortuma01,Hockey,Defense,2010,26,5
Maxime Macenauer\macenma01,Hockey,Center,2012,23,1
Melker Karlsson\karlsme01,Hockey,Center,2015,24,3
Michael Bournival\bournmi01,Hockey,Left Wing,2014,21,4
Michael Caruso\carusmi01,Hockey,Defense,2013,24,1
Michael Chaput\chapumi01,Hockey,Center,2014,21,4
Michael Del Zotto\delzomi01,Hockey,Defense,2010,19,8
Michael Frolik\frolimi01,Hockey,Center,2009,20,9
Michael Funk\funkmi01,Hockey,Defense,2007,20,2
Michael Grabner\grabnmi01,Hockey,Right Wing,2010,22,8
Michael Kapla\kaplami01,Hockey,Defense,2017,22,1
Michael Keränen\keranmi01,Hockey,Center,2016,26,1
Michael Latta\lattami01,Hockey,Center,2014,22,3
Michael Matheson\mathemi01,Hockey,Defense,2016,21,2
Michael McCarron\mccarmi01,Hockey,Right Wing,2016,20,2
Michael Mersch\merscmi01,Hockey,Left Wing,2016,23,1
Michael Paliotta\paliomi01,Hockey,Defense,2015,21,2
Evgeny Medvedev\medveev01,Hockey,Defense,2016,33,1
Michael Raffl\rafflmi01,Hockey,Left Wing,2014,25,4
Michael Ryan\ryanmi01,Hockey,Center,2007,26,3
Michael Sauer\sauermi01,Hockey,Defense,2009,21,4
Michael Sgarbossa\sgarbmi01,Hockey,Center,2013,20,5
Michael Stone\stonemi01,Hockey,Defense,2012,21,6
Michael Zalewski\zalewmi01,Hockey,Left Wing,2014,21,4
Michal Jordan\jordami01,Hockey,Defense,2013,22,4
Michal Kempny\kempnmi01,Hockey,Defense,2017,26,1
Michal Repik\repikmi01,Hockey,Right Wing,2009,20,4
Micheal Ferland\ferlami01,Hockey,Left Wing,2015,22,3
Micheal Haley\haleymi01,Hockey,Center,2010,23,8
Micki DuPont\duponmi01,Hockey,Defense,2007,26,2
Miikka Salomaki\salommi01,Hockey,Right Wing,2015,21,3
Mika Pyorala\pyorami01,Hockey,Center,2010,28,1
Mika Zibanejad\zibanmi01,Hockey,Center,2012,18,6
Mikael Backlund\backlmi01,Hockey,Center,2009,19,9
Mikael Granlund\granlmi01,Hockey,Center,2013,20,5
Mike Angelidis\angelmi01,Hockey,Center,2012,26,5
Mike Blunden\blundmi01,Hockey,Right Wing,2007,20,11
Mike Brown\brownmi02,Hockey,Right Wing,2008,22,9
Mike Card\cardmi01,Hockey,Defense,2007,20,1
Mike Connolly\connomi01,Hockey,Left Wing,2012,22,1
Mike Duco\ducomi01,Hockey,Left Wing,2010,22,3
Mike Halmo\halmomi01,Hockey,Left Wing,2014,22,1
Mike Hoffman\hoffmmi02,Hockey,Center,2012,22,6
Mike Iggulden\iggulmi01,Hockey,Center,2008,25,2
Mike Kostka\kostkmi01,Hockey,Defense,2013,27,4
Mike Liambas\liambmi01,Hockey,Left Wing,2017,27,1
Mike Lundin\lundimi01,Hockey,Defense,2008,23,6
Mike Moore\mooremi01,Hockey,Defense,2011,26,1
Mike Mottau\mottami01,Hockey,Defense,2008,29,7
Mike Reilly\reillmi01,Hockey,Defense,2016,22,2
Mike Santorelli\santomi01,Hockey,Center,2009,23,8
Mike Sislo\sislomi01,Hockey,Right Wing,2014,26,3
Mike Vecchione\vecchmi01,Hockey,Right Wing,2017,23,1
Mike Vernace\vernami01,Hockey,Defense,2009,22,3
Mike Weber\webermi01,Hockey,Defense,2008,20,9
Mikhail Grabovski\grabomi01,Hockey,Center,2007,23,10
Mikhail Grigorenko\grigomi01,Hockey,Center,2013,18,5
Mikhail Sergachev\sergami01,Hockey,Defense,2017,18,1
Mikkel Boedker\boedkmi01,Hockey,Left Wing,2009,19,9
Mikko Lehtonen\lehtomi01,Hockey,Defense,2007,28,1
Mikko Lehtonen\lehtomi02,Hockey,Right Wing,2009,21,2
Mikko Rantanen\rantami01,Hockey,Right Wing,2016,19,2
Milan Kytnar\kytnami01,Hockey,Center,2012,22,1
Milan Lucic\lucicmi01,Hockey,Left Wing,2008,19,10
Miles Wood\woodmi01,Hockey,Left Wing,2016,20,2
Mirco Mueller\muellmi01,Hockey,Defense,2015,19,3
Mitch Callahan\callami01,Hockey,Right Wing,2014,22,4
Mitch Fritz\fritzmi01,Hockey,Left Wing,2009,28,1
Mitch Marner\marnemi01,Hockey,Center,2017,19,1
Morgan Ellis\ellismo01,Hockey,Defense,2016,23,1
Morgan Rielly\riellmo01,Hockey,Defense,2014,19,4
Nail Yakupov\yakupna01,Hockey,Right Wing,2013,19,5
Nate Guenin\guenina01,Hockey,Defense,2007,24,10
Nate Prosser\prossna01,Hockey,Defense,2010,23,8
Nate Raduns\radunna01,Hockey,Center,2009,24,1
Nate Schmidt\schmina01,Hockey,Defense,2014,22,4
Nate Thompson\thompna01,Hockey,Center,2007,22,11
Nathan Beaulieu\beaulna01,Hockey,Defense,2013,20,5
Nathan Gerbe\gerbena01,Hockey,Center,2009,21,8
Nathan MacKinnon\mackina01,Hockey,Center,2014,18,4
Nathan McIver\mcivena01,Hockey,Defense,2007,22,3
Nathan Oystrick\oystrna01,Hockey,Defense,2009,26,3
Nazem Kadri\kadrina01,Hockey,Center,2010,19,8
Nelson Nogier\nogiene01,Hockey,Defense,2017,20,1
Nic Dowd\dowdni01,Hockey,Center,2016,25,2
Nic Petan\petanni01,Hockey,Left Wing,2016,20,2
Nicholas Baptiste\baptini01,Hockey,Right Wing,2017,21,1
Nicholas Petrecki\petreni01,Hockey,Defense,2013,23,1
Nick Bjugstad\bjugsni01,Hockey,Center,2013,20,5
Nick Bonino\boninni01,Hockey,Center,2010,21,8
Nick Cousins\cousini01,Hockey,Center,2015,21,3
Nick Drazenovic\drazeni01,Hockey,Center,2011,24,4
Nick Foligno\foligni01,Hockey,Left Wing,2008,20,10
Nick Holden\holdeni01,Hockey,Defense,2011,23,7
Nick Jensen\jenseni02,Hockey,Defense,2017,26,1
Nick Johnson\johnsni01,Hockey,Right Wing,2010,24,5
Nick Lappin\lappini01,Hockey,Right Wing,2017,24,1
Nick Leddy\leddyni01,Hockey,Defense,2011,19,7
Nick Palmieri\palmini01,Hockey,Right Wing,2010,20,3
Nick Paul\paulni01,Hockey,Left Wing,2016,20,2
Nick Ritchie\ritchni01,Hockey,Left Wing,2016,20,2
Nick Schmaltz\schmani01,Hockey,Left Wing,2017,20,1
Nick Shore\shoreni01,Hockey,Center,2015,22,3
Nick Sorensen\sorenni01,Hockey,Right Wing,2017,22,1
Nick Spaling\spalini01,Hockey,Center,2010,21,7
Nicklas Backstrom\backsni02,Hockey,Center,2008,20,10
Nicklas Grossmann\grossni01,Hockey,Defense,2007,22,11
Nicklas Jensen\jenseni01,Hockey,Left Wing,2013,19,5
Niclas Bergfors\bergfni01,Hockey,Right Wing,2008,20,5
Nicolas Blanchard\blancni01,Hockey,Center,2013,25,1
Nicolas Deschamps\deschni01,Hockey,Center,2014,24,1
Nicolas Deslauriers\deslani01,Hockey,Left Wing,2014,22,4
Nicolas Kerdiles\kerdini01,Hockey,Left Wing,2017,23,1
Nigel Dawes\dawesni01,Hockey,Left Wing,2007,21,5
Nikita Alexeev\alexeni01,Hockey,Right Wing,2007,25,1
Nikita Filatov\filatni01,Hockey,Left Wing,2009,18,4
Nikita Kucherov\kucheni01,Hockey,Right Wing,2014,20,4
Nikita Nesterov\nesteni01,Hockey,Defense,2015,21,3
Nikita Nikitin\nikitni01,Hockey,Defense,2011,24,6
Nikita Scherbak\scherni01,Hockey,Right Wing,2017,21,1
Nikita Soshnikov\soshnni01,Hockey,Right Wing,2016,22,2
Nikita Tryamkin\tryamni01,Hockey,Defense,2016,21,2
Nikita Zadorov\zadorni01,Hockey,Defense,2014,18,4
Nikita Zaitsev\zaitsni01,Hockey,Defense,2017,25,1
Niklas Hjalmarsson\hjalmni01,Hockey,Defense,2008,20,10
Nikolai Kulemin\kulemni01,Hockey,Left Wing,2009,22,9
Nikolaj Ehlers\ehlerni01,Hockey,Left Wing,2016,19,2
Nikolay Goldobin\goldoni01,Hockey,Left Wing,2016,20,2
Nino Niederreiter\niedeni01,Hockey,Right Wing,2011,18,7
Noah Hanifin\hanifno01,Hockey,Defense,2016,19,2
Noel Acciari\acciano01,Hockey,Center,2016,24,2
Oliver Bjorkstrand\bjorkol01,Hockey,Right Wing,2016,20,2
Oliver Ekman-Larsson\ekmanol01,Hockey,Defense,2011,19,7
Oliver Kylington\kylinol01,Hockey,Defense,2016,18,1
Oliver Lauridsen\lauriol01,Hockey,Defense,2013,23,3
Olivier Magnan\magnaol01,Hockey,Defense,2011,24,1
Olli Maatta\maattol01,Hockey,Defense,2014,19,4
Olli Malmivaara\malmiol01,Hockey,Defense,2008,25,1
Ondrej Kase\kaseon01,Hockey,Right Wing,2017,21,1
Ondrej Palat\palaton01,Hockey,Left Wing,2013,21,5
Oscar Klefbom\klefbos01,Hockey,Defense,2014,20,4
Oscar Lindberg\lindbos02,Hockey,Center,2015,23,3
Oscar Moller\molleos01,Hockey,Center,2009,20,3
Oskar Osala\osalaos01,Hockey,Left Wing,2009,21,2
Oskar Sundqvist\sundqos01,Hockey,Center,2016,21,2
Oskars Bartulis\bartuos01,Hockey,Defense,2010,23,2
Landon Wilson\wilsola02,Hockey,Right Wing,2009,33,1
P.A. Parenteau\parenpi01,Hockey,Left Wing,2007,23,11
P.K. Subban\subbapk01,Hockey,Defense,2010,20,8
Pascal Pelletier\pellepa01,Hockey,Left Wing,2008,24,7
Patric Hornqvist\hornqpa01,Hockey,Right Wing,2009,22,9
Patrice Cormier\cormipa01,Hockey,Center,2011,20,6
Patrick Bordeleau\bordepa02,Hockey,Left Wing,2013,26,3
Patrick Brown\brownpa02,Hockey,Center,2015,22,3
Patrick Cannone\cannopa01,Hockey,Center,2017,30,1
Patrick Coulombe\coulopa01,Hockey,Defense,2007,21,1
Patrick Davis\davispa01,Hockey,Left Wing,2009,22,2
Patrick Dwyer\dwyerpa01,Hockey,Right Wing,2009,25,7
Patrick Holland\hollapa01,Hockey,Right Wing,2014,22,1
Patrick Kaleta\kaletpa01,Hockey,Right Wing,2007,20,9
Patrick Kane\kanepa01,Hockey,Right Wing,2008,19,10
Patrick Maroon\maroopa01,Hockey,Left Wing,2012,23,6
Patrick O'Sullivan\osullpa01,Hockey,Center,2007,21,6
Patrick Sieloff\sielopa01,Hockey,Defense,2016,21,1
Patrick Thoresen\thorepa01,Hockey,Left Wing,2007,23,2
Patrick Wey\weypa01,Hockey,Defense,2014,22,1
Patrick Wiercioch\wiercpa01,Hockey,Defense,2011,20,7
Patrik Berglund\berglpa01,Hockey,Center,2009,20,9
Patrik Laine\lainepa01,Hockey,Right Wing,2017,18,1
Patrik Nemeth\nemetpa01,Hockey,Defense,2014,21,4
Paul Bissonnette\bissopa01,Hockey,Left Wing,2009,23,6
Paul Byron\byronpa01,Hockey,Center,2011,21,7
Paul Carey\careypa01,Hockey,Center,2014,25,4
Paul Ladue\laduepa01,Hockey,Defense,2017,24,1
Paul Postma\postmpa01,Hockey,Defense,2011,21,7
Paul Stastny\stastpa01,Hockey,Center,2007,21,11
Paul Szczechura\szczepa01,Hockey,Center,2009,23,4
Paul Thompson\thomppa02,Hockey,Right Wing,2016,27,2
Pavel Buchnevich\buchnpa01,Hockey,Right Wing,2017,21,1
Pavel Zacha\zachapa01,Hockey,Center,2016,18,2
Per Ledin\ledinpe01,Hockey,Left Wing,2009,30,1
Perttu Lindgren\lindgpe01,Hockey,Center,2010,22,1
Peter Cehlarik\cehlape01,Hockey,Left Wing,2017,21,1
Peter Harrold\harrope01,Hockey,Defense,2007,23,9
Peter Holland\hollape01,Hockey,Center,2012,21,6
Peter LeBlanc\leblape01,Hockey,Center,2014,25,1
Peter Mueller\muellpe01,Hockey,Center,2008,19,6
Peter Olvecky\olvecpe01,Hockey,Left Wing,2009,23,2
Peter Regin\reginpe01,Hockey,Center,2009,22,7
Petr Kalus\kaluspe01,Hockey,Right Wing,2007,19,4
Petr Straka\strakpe01,Hockey,Right Wing,2015,22,1
Petr Tenkrat\tenkrpe01,Hockey,Right Wing,2007,29,1
Petr Vrana\vranape01,Hockey,Center,2009,23,1
Petri Kontiola\kontipe01,Hockey,Center,2008,23,1
Petter Granberg\granbpe01,Hockey,Defense,2014,21,4
Petteri Lindbohm\lindbpe02,Hockey,Defense,2015,21,3
Petteri Wirtanen\wirtape01,Hockey,Center,2008,21,1
Phil Kessel\kesseph01,Hockey,Right Wing,2007,19,11
Phil Oreskovic\oreskph01,Hockey,Defense,2009,22,1
Phil Varone\varonph01,Hockey,Center,2014,23,4
Philip Larsen\larseph01,Hockey,Defense,2010,20,8
Philip McRae\mcraeph01,Hockey,Center,2011,20,1
Philip Samuelsson\samueph01,Hockey,Defense,2014,22,3
Philippe Cornet\corneph01,Hockey,Left Wing,2012,21,1
Philippe Dupuis\dupuiph01,Hockey,Center,2009,23,4
Phillip Danault\danauph01,Hockey,Center,2015,21,3
Phillip Di Giuseppe\digiuph01,Hockey,Left Wing,2016,22,2
Pierre-Cedric Labrie\labripi01,Hockey,Left Wing,2012,25,3
Pierre-Edouard Bellemare\bellepi01,Hockey,Left Wing,2015,29,3
Pierre-Luc Letourneau-Leblond\letoupi01,Hockey,Right Wing,2009,23,6
Pontus Aberg\abergpo01,Hockey,Left Wing,2017,23,1
Quintin Laing\laingqu01,Hockey,Left Wing,2008,28,3
Quinton Howden\howdequ01,Hockey,Center,2013,21,5
Radek Faksa\faksara01,Hockey,Center,2016,22,2
Radek Smolenak\smolera01,Hockey,Left Wing,2009,22,2
Radko Gudas\gudasra01,Hockey,Defense,2013,22,5
Raman Hrabarenka\hrabara01,Hockey,Defense,2015,22,1
Raphael Diaz\diazra01,Hockey,Defense,2012,26,4
Rasmus Andersson\anderra01,Hockey,Defense,2017,20,1
Rasmus Rissanen\rissara01,Hockey,Defense,2015,23,1
Rasmus Ristolainen\ristora01,Hockey,Defense,2014,19,4
Ray Macias\maciara01,Hockey,Defense,2009,22,3
Raymond Sawada\sawadra01,Hockey,Right Wing,2009,23,3
Reed Low\lowre01,Hockey,Right Wing,2007,30,1
Reid Boucher\bouchre01,Hockey,Center,2014,20,4
Reilly Smith\smithre01,Hockey,Right Wing,2012,20,6
Remi Elie\eliere01,Hockey,Left Wing,2017,21,1
Rhett Rakhshani\rakhsrh01,Hockey,Right Wing,2011,22,2
Rich Clune\cluneri01,Hockey,Left Wing,2010,22,7
Rich Peverley\peverri01,Hockey,Center,2007,24,8
Ville Peltonen\peltovi01,Hockey,Left Wing,2007,33,3
Richard Panik\panikri01,Hockey,Right Wing,2013,21,5
Rickard Rakell\rakelri01,Hockey,Center,2013,19,5
Rickard Wallin\walliri01,Hockey,Center,2010,29,1
Riley Armstrong\armstri01,Hockey,Right Wing,2009,24,1
Riley Barber\barberi01,Hockey,Right Wing,2017,22,1
Riley Cote\coteri01,Hockey,Left Wing,2007,24,4
Riley Nash\nashri02,Hockey,Center,2012,22,6
Riley Sheahan\sheahri01,Hockey,Center,2012,20,6
Rinat Valiev\valieri01,Hockey,Defense,2016,20,1
Rob Klinkhammer\klinkro01,Hockey,Center,2011,24,6
Rob O'Gara\ogararo01,Hockey,Defense,2017,23,1
Rob Schremp\schrero01,Hockey,Center,2007,20,5
Robbie Earl\earlro01,Hockey,Left Wing,2008,22,4
Robbie Russo\russoro01,Hockey,Defense,2017,23,1
Robby Fabbri\fabbrro01,Hockey,Center,2016,20,2
Robert Bortuzzo\borturo01,Hockey,Defense,2012,22,6
Robert Hagg\haggro01,Hockey,Defense,2017,21,1
Rocco Grimaldi\grimaro01,Hockey,Center,2015,21,3
Rod Pelley\pellero02,Hockey,Center,2007,22,6
Roman Cervenka\cervero01,Hockey,Center,2013,27,1
Roman Horak\horakro01,Hockey,Center,2012,20,3
Roman Josi\josiro01,Hockey,Defense,2012,21,6
Roman Lyubimov\lyubiro01,Hockey,Left Wing,2017,25,1
Roman Polak\polakro01,Hockey,Defense,2007,20,11
Roman Wick\wickro01,Hockey,Right Wing,2011,25,1
Ronalds Kenins\keninro01,Hockey,Left Wing,2015,23,2
Ross Johnston\johnsro02,Hockey,Left Wing,2016,21,1
Ryan Bayda\baydary01,Hockey,Left Wing,2007,26,3
Ryan Bourque\bourqry01,Hockey,Center,2015,24,1
Ryan Callahan\callary01,Hockey,Right Wing,2007,21,11
Ryan Carpenter\carpery01,Hockey,Center,2016,25,2
Ryan Carter\cartery01,Hockey,Center,2008,24,9
Ryan Dzingel\dzingry01,Hockey,Left Wing,2016,23,2
Ryan Ellis\ellisry01,Hockey,Defense,2012,21,6
Ryan Garbutt\garbury01,Hockey,Center,2012,26,6
Ryan Hamilton\hamilry01,Hockey,Left Wing,2012,26,4
Ryan Hartman\hartmry01,Hockey,Left Wing,2015,20,3
Ryan Johansen\johanry01,Hockey,Center,2012,19,6
Ryan Johnston\johnsry02,Hockey,Defense,2016,23,2
Ryan Jones\jonesry01,Hockey,Left Wing,2009,24,6
Ryan Keller\kellery01,Hockey,Right Wing,2010,26,1
Ryan McDonagh\mcdonry01,Hockey,Defense,2011,21,7
Ryan Murphy\murphry01,Hockey,Defense,2013,19,5
Ryan Murray\murrary01,Hockey,Defense,2014,20,4
Ryan Nugent-Hopkins\nugenry01,Hockey,Center,2012,18,6
Ryan O'Byrne\obyrnry01,Hockey,Defense,2008,23,6
Ryan O'Marra\omarrry01,Hockey,Center,2010,22,3
Ryan O'Reilly\oreilry01,Hockey,Center,2010,18,8
Ryan Parent\parenry01,Hockey,Defense,2007,19,5
Ryan Pulock\pulocry01,Hockey,Defense,2016,21,2
Ryan Reaves\reavery01,Hockey,Right Wing,2011,24,7
Ryan Russell\russery01,Hockey,Center,2012,24,1
Ryan Shannon\shannry01,Hockey,Right Wing,2007,23,6
Ryan Spooner\spoonry01,Hockey,Center,2013,21,5
Ryan Sproul\sproury01,Hockey,Defense,2014,21,4
Ryan Stanton\stantry01,Hockey,Defense,2013,23,4
Ryan Stoa\stoary01,Hockey,Center,2010,22,5
Ryan Stone\stonery01,Hockey,Center,2008,22,3
Ryan Strome\stromry01,Hockey,Center,2014,20,4
Ryan Thang\thangry01,Hockey,Left Wing,2012,24,1
Ryan Vesce\vescery01,Hockey,Right Wing,2009,26,2
Ryan White\whitery01,Hockey,Center,2010,21,8
Ryan Wilson\wilsory01,Hockey,Defense,2010,22,6
Sam Bennett\bennesa01,Hockey,Center,2015,18,3
Sam Carrick\carrisa01,Hockey,Center,2015,22,2
Sam Gagner\gagnesa01,Hockey,Center,2008,18,10
Sam Reinhart\reinhsa01,Hockey,Center,2015,19,3
Sami Lepisto\lepissa01,Hockey,Defense,2008,23,5
Sami Vatanen\vatansa01,Hockey,Defense,2013,21,5
Samuel Henley\henlesa01,Hockey,Center,2017,23,1
Samuel Morin\morinsa01,Hockey,Defense,2017,21,1
Scott Glennie\glennsc01,Hockey,Right Wing,2012,20,1
Scott Harrington\harrisc01,Hockey,Defense,2015,21,3
Scott Jackson\jackssc01,Hockey,Defense,2010,22,1
Scott Kosmachuk\kosmasc01,Hockey,Right Wing,2016,22,1
Scott Laughton\laughsc01,Hockey,Center,2013,18,5
Scott Lehman\lehmasc01,Hockey,Defense,2009,23,1
Scott Mayfield\mayfisc01,Hockey,Defense,2014,21,4
Scott Parse\parsesc01,Hockey,Center,2010,25,3
Scott Timmins\timmisc01,Hockey,Center,2011,21,3
Scott Wilson\wilsosc01,Hockey,Center,2015,22,3
Sean Bentivoglio\bentise01,Hockey,Left Wing,2009,23,1
Sean Collins\collise01,Hockey,Defense,2009,25,4
Sean Collins\collise02,Hockey,Center,2013,24,4
Sean Couturier\coutuse01,Hockey,Center,2012,19,6
Sean Kuraly\kuralse01,Hockey,Center,2017,24,1
Sean Malone\malonse01,Hockey,Center,2017,21,1
Sean Monahan\monahse01,Hockey,Center,2014,19,4
Sebastian Aho\ahose01,Hockey,Right Wing,2017,19,1
Sebastien Bisaillon\bisaise01,Hockey,Defense,2007,20,1
Sergei Kostitsyn\kostise01,Hockey,Left Wing,2008,20,6
Sergei Plotnikov\plotnse01,Hockey,Left Wing,2016,25,1
Sergei Shirokov\shirose01,Hockey,Left Wing,2010,23,2
Sergey Kalinin\kalinse01,Hockey,Center,2016,24,2
Sergey Tolchinsky\tolchse01,Hockey,Left Wing,2016,20,2
Seth Griffith\griffse01,Hockey,Center,2015,22,3
Seth Helgeson\helgese01,Hockey,Defense,2015,24,3
Seth Jones\jonesse01,Hockey,Defense,2014,19,4
Shane Harper\harpesh01,Hockey,Right Wing,2017,27,1
Shane O'Brien\obriesh01,Hockey,Defense,2007,23,9
Shane Prince\princsh01,Hockey,Left Wing,2015,22,3
Shane Sims\simssh01,Hockey,Defense,2011,22,1
Shaun Heshka\heshksh01,Hockey,Defense,2010,24,1
Shawn Belle\bellesh01,Hockey,Defense,2007,22,5
Shawn Lalonde\lalonsh01,Hockey,Defense,2013,22,1
Shawn Matthias\matthsh01,Hockey,Center,2008,19,10
Shay Stephenson\stephsh01,Hockey,Left Wing,2007,23,1
Shayne Gostisbehere\gostish01,Hockey,Defense,2015,21,3
Shea Theodore\theodsh01,Hockey,Defense,2016,20,2
Sheldon Brookbank\brooksh01,Hockey,Defense,2007,26,8
Simon Despres\desprsi01,Hockey,Defense,2012,20,6
Simon Moser\mosersi01,Hockey,Left Wing,2014,24,1
Slater Koekkoek\koekksl01,Hockey,Defense,2015,20,3
Slava Voynov\voynovi01,Hockey,Defense,2012,22,4
Sonny Milano\milanso01,Hockey,Left Wing,2016,19,2
Spencer Abbott\abbotsp01,Hockey,Left Wing,2014,25,4
Spencer Machacek\machasp01,Hockey,Right Wing,2009,20,4
Stanislav Chistov\chistst01,Hockey,Right Wing,2007,23,1
Stanislav Galiev\galiest01,Hockey,Right Wing,2015,23,2
Stefan Della Rovere\dellast01,Hockey,Left Wing,2011,20,1
Stefan Elliott\elliost01,Hockey,Defense,2012,21,5
Stefan Matteau\mattest02,Hockey,Center,2013,18,4
Stefan Meyer\meyerst01,Hockey,Left Wing,2008,22,4
Stefan Noesen\noesest01,Hockey,Right Wing,2015,21,3
Stephane Da Costa\dacosst01,Hockey,Center,2011,21,4
Stephen Gionta\giontst01,Hockey,Center,2011,27,7
Stephen Johns\johnsst03,Hockey,Defense,2016,23,2
Steve Downie\downist01,Hockey,Right Wing,2008,20,9
Steve MacIntyre\macinst01,Hockey,Left Wing,2009,28,5
Steve Pinizzotto\pinizst01,Hockey,Center,2013,28,3
Magnus Johansson\johanma01,Hockey,Defense,2008,34,1
Steve Wagner\wagnest01,Hockey,Defense,2008,23,2
Steven Kampfer\kampfst01,Hockey,Defense,2011,22,7
Steven Oleksy\oleksst01,Hockey,Defense,2013,26,5
Steven Santini\santist01,Hockey,Defense,2016,20,2
Steven Stamkos\stamkst01,Hockey,Center,2009,18,9
Steven Zalewski\zalewst01,Hockey,Center,2010,23,3
Stu Bickel\bickest01,Hockey,Defense,2012,25,4
Stuart Percy\percyst01,Hockey,Defense,2015,21,2
Sven Andrighetto\andrisv01,Hockey,Right Wing,2015,21,3
Sven Baertschi\baertsv01,Hockey,Left Wing,2012,19,6
T.J. Brennan\brenntj01,Hockey,Defense,2012,22,5
T.J. Brodie\broditj01,Hockey,Defense,2011,20,7
T.J. Galiardi\galiatj01,Hockey,Left Wing,2009,20,7
T.J. Hensick\hensitj01,Hockey,Center,2008,22,4
T.J. Oshie\oshietj01,Hockey,Center,2009,22,9
T.J. Tynan\tynant.01,Hockey,Right Wing,2017,24,1
Tanner Glass\glassta01,Hockey,Left Wing,2008,24,10
Tanner Kero\kerota01,Hockey,Right Wing,2016,23,2
Tanner Pearson\pearsta01,Hockey,Left Wing,2014,21,4
Tanner Richard\richata01,Hockey,Center,2017,23,1
Taylor Beck\beckta01,Hockey,Left Wing,2013,21,5
Taylor Chorney\chornta01,Hockey,Defense,2009,21,9
Taylor Fedun\fedunta01,Hockey,Defense,2014,25,4
Taylor Hall\hallta02,Hockey,Left Wing,2011,19,7
Taylor Leier\leierta01,Hockey,Left Wing,2016,21,2
Teddy Purcell\purcete01,Hockey,Left Wing,2008,22,10
Teemu Hartikainen\hartite01,Hockey,Left Wing,2011,20,3
Teemu Laakso\laakste01,Hockey,Defense,2010,22,3
Teemu Pulkkinen\pulkkte01,Hockey,Left Wing,2014,22,4
Teuvo Teravainen\teravte01,Hockey,Center,2014,19,4
Theo Peckham\peckhth01,Hockey,Defense,2008,20,6
Thomas Chabot\chaboth01,Hockey,Defense,2017,20,1
Thomas Hickey\hicketh01,Hockey,Defense,2013,23,5
Tim Brent\brentti01,Hockey,Center,2007,22,7
Tim Conboy\conboti01,Hockey,Defense,2008,25,3
Tim Erixon\erixoti01,Hockey,Defense,2012,20,4
Tim Heed\heedti01,Hockey,Defense,2017,26,1
Tim Kennedy\kenneti01,Hockey,Left Wing,2009,22,6
Tim Ramholt\ramhoti01,Hockey,Defense,2008,23,1
Tim Schaller\schalti01,Hockey,Center,2015,24,3
Tim Sestito\sestiti01,Hockey,Left Wing,2009,24,7
Tim Stapleton\staplti01,Hockey,Center,2009,26,4
Tim Wallace\wallati01,Hockey,Right Wing,2009,24,5
Timo Meier\meierti01,Hockey,Right Wing,2017,20,1
Tobias Lindberg\lindbto01,Hockey,Right Wing,2016,20,1
Tobias Rieder\riedeto01,Hockey,Right Wing,2015,22,3
Toby Enstrom\enstrto01,Hockey,Defense,2008,23,10
Toby Petersen\peterto01,Hockey,Center,2007,28,7
Tom Cavanagh\cavanto01,Hockey,Center,2008,25,2
Tom Gilbert\gilbeto01,Hockey,Defense,2007,24,11
Tom Kuhnhackl\kuhnhto01,Hockey,Right Wing,2016,24,2
Tom Pyatt\pyattto01,Hockey,Center,2010,22,8
Tom Sestito\sestito01,Hockey,Left Wing,2008,20,10
Tom Wandell\wandeto01,Hockey,Center,2009,22,5
Tom Wilson\wilsoto01,Hockey,Right Wing,2014,19,4
Tomas Hertl\hertlto01,Hockey,Center,2014,20,4
Tomas Jurco\jurcoto01,Hockey,Left Wing,2014,21,4
Tomas Kana\kanato01,Hockey,Center,2010,22,1
Tomas Kubalik\kubalto01,Hockey,Right Wing,2011,20,2
Tomas Kundratek\kundrto01,Hockey,Defense,2012,22,2
Tomas Nosek\nosekto01,Hockey,Center,2016,23,2
Tomas Plihal\plihato01,Hockey,Center,2007,23,3
Tomas Tatar\tatarto01,Hockey,Center,2011,20,7
Tomas Vincour\vincoto01,Hockey,Center,2011,20,5
Tomi Maki\makito01,Hockey,Right Wing,2007,23,1
Tommi Santala\santato01,Hockey,Center,2007,27,1
Tommy Cross\crossto01,Hockey,Defense,2016,26,1
Tommy Wingels\wingeto01,Hockey,Center,2011,22,7
Tony Salmelainen\salmeto01,Hockey,Left Wing,2007,25,1
Torey Krug\krugto01,Hockey,Defense,2012,20,6
Torrey Mitchell\mitchto01,Hockey,Center,2008,23,10
Travis Hamonic\hamontr01,Hockey,Defense,2011,20,7
Travis Konecny\konectr01,Hockey,Center,2017,19,1
Travis Morin\morintr01,Hockey,Center,2011,27,5
Travis Roche\rochetr01,Hockey,Defense,2007,28,1
Travis Turnbull\turnbtr01,Hockey,Center,2012,25,1
Travis Zajac\zajactr01,Hockey,Center,2007,21,11
Trevor Carrick\carritr01,Hockey,Defense,2016,21,1
Trevor Frischmon\frisctr01,Hockey,Center,2010,28,1
Trevor Lewis\lewistr01,Hockey,Center,2009,22,9
Trevor Smith\smithtr01,Hockey,Center,2009,23,9
Trevor van Riemsdyk\vanritr01,Hockey,Defense,2015,23,3
Triston Grant\granttr01,Hockey,Left Wing,2007,22,4
Troy Bodie\bodietr01,Hockey,Right Wing,2009,24,7
Troy Brouwer\brouwtr01,Hockey,Right Wing,2007,21,11
Troy Stecher\stechtr01,Hockey,Defense,2017,22,1
Turner Elson\elsontu01,Hockey,Left Wing,2016,23,1
Ty Rattie\rattity01,Hockey,Right Wing,2014,20,4
Ty Wishart\wishaty01,Hockey,Defense,2009,20,4
Tye McGinn\mcginty01,Hockey,Left Wing,2013,22,4
Tyler Bertuzzi\bertuty01,Hockey,Left Wing,2017,21,1
Tyler Bozak\bozakty01,Hockey,Center,2010,23,8
Tyler Cuma\cumaty01,Hockey,Defense,2012,22,1
Tyler Eckford\eckfoty01,Hockey,Defense,2010,24,2
Tyler Ennis\ennisty01,Hockey,Center,2010,20,8
Tyler Gaudet\gaudety01,Hockey,Center,2015,21,3
Tyler Graovac\graovty01,Hockey,Center,2015,21,3
Tyler Johnson\johnsty01,Hockey,Center,2013,22,5
Tyler Kennedy\kennety01,Hockey,Center,2008,21,9
Tyler Motte\mottety01,Hockey,Left Wing,2017,21,1
Tyler Myers\myersty01,Hockey,Defense,2010,19,8
Tyler Pitlick\pitlity01,Hockey,Center,2014,22,4
Tyler Randell\randety01,Hockey,Right Wing,2016,24,1
Tyler Seguin\seguity01,Hockey,Center,2011,19,7
Tyler Sloan\sloanty01,Hockey,Defense,2009,27,3
Tyler Toffoli\toffoty01,Hockey,Center,2013,20,5
Tyler Wotherspoon\wothety01,Hockey,Defense,2014,20,4
Owen Nolan\nolanow01,Hockey,Right Wing,2007,34,4
Tyson Barrie\barrity01,Hockey,Defense,2012,20,6
Tyson Jost\jostty01,Hockey,Center,2017,18,1
Tyson Strachan\stracty01,Hockey,Defense,2009,24,8
Valentin Zykov\zykovva01,Hockey,Left Wing,2017,21,1
Valeri Nichushkin\nichuva01,Hockey,Right Wing,2014,18,3
Victor Bartley\bartlvi01,Hockey,Defense,2013,24,4
Victor Hedman\hedmavi01,Hockey,Defense,2010,19,8
Victor Oreskovich\oreskvi01,Hockey,Defense,2010,23,3
Victor Rask\raskvi01,Hockey,Center,2015,21,3
Viktor Arvidsson\arvidvi01,Hockey,Left Wing,2015,21,3
Viktor Loov\loovvi01,Hockey,Defense,2016,23,1
Viktor Stalberg\stalbvi01,Hockey,Left Wing,2010,24,8
Viktor Svedberg\svedbvi01,Hockey,Defense,2016,24,1
Viktor Tikhonov\tikhovi01,Hockey,Right Wing,2009,20,8
Ville Koistinen\koistvi01,Hockey,Defense,2008,25,3
Ville Leino\leinovi01,Hockey,Left Wing,2009,25,6
Vincent Trocheck\trochvi01,Hockey,Center,2014,20,4
Vinnie Hinostroza\hinosvi01,Hockey,Center,2016,21,2
Vladimir Mihalik\mihalvl01,Hockey,Defense,2009,22,2
Vladimir Sobotka\sobotvl01,Hockey,Center,2008,20,10
Vladimir Tarasenko\tarasvl01,Hockey,Right Wing,2013,21,5
Vladimir Zharkov\zharkvl01,Hockey,Right Wing,2010,22,3
Vladislav Kamenev\kamenvl01,Hockey,Left Wing,2017,20,1
Vladislav Namestnikov\namesvl01,Hockey,Center,2014,21,4
Vojtech Mozik\mozikvo01,Hockey,Defense,2016,23,1
Petteri Nummelin\nummepe01,Hockey,Defense,2007,34,2
Wade Megan\meganwa01,Hockey,Center,2017,26,1
Warren Peters\peteRight Winga01,Hockey,Center,2009,26,4
Wayne Simmonds\simmowa01,Hockey,Right Wing,2009,20,9
Wes O'Neill\oneiLeft Winge01,Hockey,Defense,2009,22,2
Will Acton\actonwi01,Hockey,Center,2014,26,2
William Carrier\carriwi01,Hockey,Left Wing,2017,22,1
William Karlsson\karlswi01,Hockey,Center,2015,22,3
William Nylander\nylanwi01,Hockey,Center,2016,19,2
Xavier Ouellet\ouellxa01,Hockey,Defense,2014,20,4
Yann Sauve\sauveya01,Hockey,Defense,2011,20,4
Yanni Gourde\gourdya01,Hockey,Center,2016,24,2
Yannick Weber\weberya01,Hockey,Defense,2009,20,9
Yohann Auvitu\auvityo01,Hockey,Defense,2017,27,1
Zac Dalpe\dalpeza01,Hockey,Center,2011,21,7
Zac Rinaldo\rinalza01,Hockey,Center,2012,21,5
Zach Bogosian\bogosza01,Hockey,Defense,2009,18,9
Zach Boychuk\boychza01,Hockey,Center,2009,19,7
Zach Hamill\hamilza01,Hockey,Center,2010,21,3
Zach Hyman\hymanza01,Hockey,Center,2016,23,2
Zach Redmond\redmoza01,Hockey,Defense,2013,24,5
Zach Sill\sillza01,Hockey,Center,2014,25,3
Zach Trotman\trotmza01,Hockey,Defense,2014,23,3
Zach Werenski\werenza01,Hockey,Defense,2017,19,1
Zachary Sanford\sanfoza01,Hockey,Left Wing,2017,22,1
Zack Fitzgerald\fitzgza01,Hockey,Defense,2008,22,1
Zack Kassian\kassiza01,Hockey,Right Wing,2012,21,6
Zack Mitchell\mitchza01,Hockey,Right Wing,2017,24,1
Zack Smith\smithza01,Hockey,Center,2009,20,9
Zack Stortini\stortza01,Hockey,Right Wing,2007,21,6
Zemgus Girgensons\girgeze01,Hockey,Center,2014,20,4
